epoch,time,train/box_loss,train/cls_loss,train/dfl_loss,metrics/precision(B),metrics/recall(B),metrics/mAP50(B),metrics/mAP50-95(B),val/box_loss,val/cls_loss,val/dfl_loss,lr/pg0,lr/pg1,lr/pg2
1,288.507,5.16485,4.53012,3.55102,0.02409,0.04284,0.01523,0.00486,4.04778,4.61774,3.15852,0.0700089,0.00333235,0.00333235
2,1081.43,4.12818,3.33809,2.68972,0.29815,0.10346,0.09731,0.05339,3.35807,3.55502,2.64859,0.0399869,0.00664368,0.00664368
3,1388.41,3.51889,2.76709,2.42068,0.33669,0.14895,0.17382,0.10477,2.95278,3.22675,2.45262,0.00994289,0.00993302,0.00993302
4,1658.18,3.08042,2.37217,2.29007,0.47851,0.18785,0.21735,0.13735,2.65471,2.77425,2.32425,0.009901,0.009901,0.009901
5,1952.5,2.85047,2.11978,2.18987,0.40888,0.23101,0.24489,0.16453,2.49918,2.51432,2.2454,0.009868,0.009868,0.009868
6,2233.1,2.70059,1.94954,2.14659,0.40566,0.26284,0.28092,0.185,2.39837,2.3471,2.20535,0.009835,0.009835,0.009835
7,2534,2.63613,1.8534,2.09886,0.3516,0.27496,0.29174,0.19428,2.32329,2.26892,2.17549,0.009802,0.009802,0.009802
8,3579.73,2.56274,1.7526,2.07075,0.48323,0.29765,0.3118,0.20985,2.2725,2.16389,2.13321,0.009769,0.009769,0.009769
9,3871.39,2.51338,1.67486,2.03817,0.47073,0.3041,0.33936,0.23013,2.22877,2.1059,2.09844,0.009736,0.009736,0.009736
10,4839.45,2.42345,1.60681,1.99833,0.42664,0.33322,0.35476,0.23975,2.17153,2.12103,2.05385,0.009703,0.009703,0.009703
11,5135.62,2.42507,1.59046,1.9861,0.51144,0.34371,0.37119,0.24911,2.14861,2.03963,2.04113,0.00967,0.00967,0.00967
12,5721.32,2.35776,1.53565,1.96184,0.47497,0.34738,0.38341,0.26089,2.10695,1.9084,2.02917,0.009637,0.009637,0.009637
13,6017.15,2.33254,1.49283,1.94876,0.51723,0.36099,0.38841,0.26619,2.07259,1.90851,2.00328,0.009604,0.009604,0.009604
14,6291.06,2.30395,1.4618,1.94181,0.52776,0.37169,0.40047,0.27276,2.05189,1.8848,1.9931,0.009571,0.009571,0.009571
15,6571.37,2.29124,1.44233,1.92088,0.48096,0.39322,0.41315,0.2791,2.04684,1.76223,1.97493,0.009538,0.009538,0.009538
16,6847.88,2.25301,1.41211,1.90098,0.4909,0.39031,0.41043,0.28218,2.00914,1.7727,1.95143,0.009505,0.009505,0.009505
17,7140.56,2.23692,1.37852,1.89313,0.53986,0.40674,0.42521,0.2933,1.98239,1.72539,1.94629,0.009472,0.009472,0.009472
18,7413.76,2.21581,1.36791,1.89446,0.5465,0.41012,0.43364,0.29857,1.97848,1.72767,1.94166,0.009439,0.009439,0.009439
19,7697.53,2.20724,1.33791,1.88462,0.54218,0.42283,0.43883,0.30562,1.95878,1.70092,1.93538,0.009406,0.009406,0.009406
20,7972.18,2.16333,1.30765,1.86584,0.51111,0.42601,0.44966,0.31237,1.95047,1.66875,1.92373,0.009373,0.009373,0.009373
21,8256.42,2.16581,1.30947,1.86585,0.52181,0.42896,0.45068,0.31142,1.93625,1.6405,1.91553,0.00934,0.00934,0.00934
22,8529.56,2.15109,1.2813,1.86425,0.59867,0.43734,0.46378,0.32327,1.92718,1.65561,1.89995,0.009307,0.009307,0.009307
23,8814.85,2.13793,1.27402,1.85963,0.53139,0.43846,0.45968,0.32215,1.92099,1.64552,1.89342,0.009274,0.009274,0.009274
24,10084.5,2.13388,1.27232,1.85232,0.599,0.44281,0.47233,0.32609,1.90443,1.62474,1.88806,0.009241,0.009241,0.009241
25,10359.7,2.13154,1.24952,1.84335,0.59695,0.45134,0.47334,0.33005,1.89153,1.59851,1.88138,0.009208,0.009208,0.009208
26,10662.1,2.11727,1.23722,1.83815,0.59253,0.45648,0.48407,0.33745,1.8764,1.5477,1.86653,0.009175,0.009175,0.009175
27,11035.5,2.10414,1.2107,1.83445,0.60408,0.46899,0.48963,0.34033,1.87067,1.58867,1.86763,0.009142,0.009142,0.009142
28,11316.9,2.09579,1.20339,1.8295,0.5566,0.46205,0.49799,0.34627,1.86146,1.55712,1.85927,0.009109,0.009109,0.009109
29,12145,2.0919,1.19701,1.83187,0.61427,0.48895,0.50678,0.35531,1.85072,1.52618,1.86235,0.009076,0.009076,0.009076
30,12419.6,2.06894,1.1975,1.82088,0.6316,0.47511,0.50587,0.35623,1.83559,1.52208,1.85033,0.009043,0.009043,0.009043
31,13206.1,2.05926,1.179,1.82445,0.56389,0.49912,0.51755,0.3649,1.83912,1.51094,1.85025,0.00901,0.00901,0.00901
32,13479.4,2.04779,1.16731,1.81294,0.62703,0.49304,0.52376,0.36753,1.83197,1.50006,1.84784,0.008977,0.008977,0.008977
33,13749.5,2.03416,1.17534,1.81576,0.63033,0.48769,0.51541,0.36773,1.82185,1.49251,1.8407,0.008944,0.008944,0.008944
34,14022.8,2.03525,1.15724,1.80936,0.63687,0.4921,0.52634,0.37124,1.81871,1.48865,1.83411,0.008911,0.008911,0.008911
35,14293.8,2.03009,1.14948,1.80213,0.62717,0.50306,0.539,0.38022,1.8146,1.50642,1.8357,0.008878,0.008878,0.008878
36,14566.1,2.02972,1.15647,1.80709,0.56177,0.51849,0.54017,0.38439,1.81215,1.46598,1.83324,0.008845,0.008845,0.008845
37,14838.5,2.00373,1.14335,1.79489,0.69693,0.50148,0.53659,0.3827,1.79763,1.45288,1.81836,0.008812,0.008812,0.008812
38,15110.4,1.99977,1.1405,1.79992,0.69982,0.49469,0.54485,0.38757,1.78858,1.458,1.8134,0.008779,0.008779,0.008779
39,15553.7,2.00552,1.11856,1.79475,0.69744,0.50431,0.53803,0.38345,1.79458,1.44935,1.81675,0.008746,0.008746,0.008746
40,15825.6,1.99935,1.12077,1.78886,0.71716,0.50689,0.54362,0.38765,1.78417,1.4454,1.81344,0.008713,0.008713,0.008713
41,16097.6,1.9884,1.10939,1.78624,0.71736,0.51438,0.56277,0.40369,1.77973,1.43653,1.80655,0.00868,0.00868,0.00868
42,16369,1.98403,1.10553,1.79014,0.71398,0.51353,0.56357,0.40528,1.77587,1.41234,1.80742,0.008647,0.008647,0.008647
43,16640.2,1.97262,1.10378,1.78957,0.71852,0.51741,0.57458,0.4132,1.77225,1.40682,1.80307,0.008614,0.008614,0.008614
44,16912.3,1.94998,1.09829,1.777,0.71951,0.51561,0.58258,0.41878,1.76726,1.40765,1.79747,0.008581,0.008581,0.008581
45,17187,1.99018,1.10101,1.78054,0.71379,0.52254,0.58914,0.42434,1.76283,1.41114,1.79656,0.008548,0.008548,0.008548
46,17458.7,1.95739,1.08711,1.77658,0.7016,0.52743,0.57817,0.41656,1.75878,1.39866,1.79316,0.008515,0.008515,0.008515
47,17731.9,1.96969,1.0833,1.77339,0.7108,0.52013,0.56658,0.40855,1.75966,1.40651,1.79501,0.008482,0.008482,0.008482
48,18049,1.96908,1.09062,1.77261,0.71285,0.52268,0.57561,0.41467,1.75714,1.39463,1.79424,0.008449,0.008449,0.008449
49,18316.9,1.93048,1.08166,1.76902,0.71161,0.51987,0.57447,0.41412,1.7529,1.37998,1.79102,0.008416,0.008416,0.008416
50,18588,1.95689,1.0646,1.76928,0.70105,0.53064,0.57199,0.41125,1.74781,1.37612,1.78848,0.008383,0.008383,0.008383
51,18861.9,1.93496,1.06059,1.76598,0.71179,0.52844,0.57248,0.41228,1.74385,1.3552,1.78454,0.00835,0.00835,0.00835
52,19132.6,1.94004,1.06963,1.76722,0.7157,0.532,0.57279,0.4141,1.73967,1.34944,1.78343,0.008317,0.008317,0.008317
53,19404.2,1.93852,1.06592,1.76572,0.71647,0.53539,0.56997,0.41331,1.73652,1.3467,1.77909,0.008284,0.008284,0.008284
54,19674.2,1.93699,1.05876,1.76425,0.70835,0.54455,0.57186,0.41462,1.73288,1.34232,1.77674,0.008251,0.008251,0.008251
55,19948.1,1.94753,1.05589,1.75967,0.72004,0.53878,0.57265,0.41582,1.73207,1.33604,1.77639,0.008218,0.008218,0.008218
56,20223.5,1.92723,1.04421,1.7613,0.71944,0.53973,0.57309,0.41861,1.72905,1.33086,1.7757,0.008185,0.008185,0.008185
57,20494.7,1.9314,1.0478,1.7568,0.72439,0.54175,0.57703,0.42072,1.72731,1.32688,1.77448,0.008152,0.008152,0.008152
58,20764.1,1.91383,1.05019,1.75744,0.73017,0.5413,0.57857,0.42196,1.72449,1.32628,1.77287,0.008119,0.008119,0.008119
59,21034.1,1.91054,1.03827,1.75682,0.72665,0.54342,0.57954,0.4233,1.72275,1.32744,1.77036,0.008086,0.008086,0.008086
60,21302.6,1.8929,1.0332,1.7479,0.72792,0.54365,0.58092,0.4243,1.71881,1.32483,1.76784,0.008053,0.008053,0.008053
61,21575.8,1.91202,1.03267,1.7526,0.73826,0.53957,0.58138,0.42515,1.71837,1.32096,1.76738,0.00802,0.00802,0.00802
62,21852,1.91722,1.02511,1.75206,0.73597,0.54195,0.58458,0.42601,1.71531,1.31915,1.76601,0.007987,0.007987,0.007987
63,22126.3,1.90986,1.03675,1.76102,0.73171,0.55246,0.58614,0.42679,1.71258,1.31632,1.76412,0.007954,0.007954,0.007954
64,22399,1.89884,1.02048,1.7502,0.72944,0.55704,0.59361,0.43262,1.71035,1.31512,1.76296,0.007921,0.007921,0.007921
65,22677.4,1.9092,1.03404,1.76044,0.73315,0.55362,0.59444,0.43332,1.70911,1.31248,1.76218,0.007888,0.007888,0.007888
66,22948.7,1.89682,1.02043,1.75711,0.73845,0.55211,0.5939,0.43301,1.70733,1.30845,1.76007,0.007855,0.007855,0.007855
67,23221.9,1.8816,1.00458,1.74108,0.73778,0.55409,0.59528,0.43344,1.70597,1.30751,1.75948,0.007822,0.007822,0.007822
68,24102.1,1.89677,1.01587,1.75161,0.73803,0.55305,0.59679,0.43491,1.70482,1.30387,1.75911,0.007789,0.007789,0.007789
69,24374.9,1.88911,1.00168,1.73593,0.73921,0.55594,0.59723,0.43592,1.70291,1.3027,1.75821,0.007756,0.007756,0.007756
70,24646,1.88713,1.00638,1.7484,0.74497,0.54965,0.60377,0.44136,1.70129,1.30158,1.7575,0.007723,0.007723,0.007723
71,24919.3,1.89441,1.002,1.73938,0.74263,0.55034,0.60385,0.44185,1.70034,1.29983,1.75724,0.00769,0.00769,0.00769
72,26194.5,1.8802,0.99421,1.74153,0.74514,0.55061,0.60453,0.44246,1.69948,1.29704,1.75708,0.007657,0.007657,0.007657
73,26470.2,1.88631,1.0029,1.74332,0.74402,0.54996,0.60537,0.44304,1.69845,1.29531,1.7569,0.007624,0.007624,0.007624
74,26740.2,1.86457,1.00042,1.74152,0.74076,0.55494,0.60645,0.44357,1.69736,1.29373,1.75657,0.007591,0.007591,0.007591
75,27010.1,1.86341,0.99732,1.7404,0.74234,0.55471,0.60829,0.44483,1.69644,1.29307,1.75599,0.007558,0.007558,0.007558
76,27280.9,1.86673,0.99316,1.74195,0.74565,0.55307,0.60759,0.44426,1.69563,1.29131,1.7555,0.007525,0.007525,0.007525
77,27552.9,1.85102,0.9908,1.73435,0.74577,0.5532,0.60719,0.44441,1.69425,1.2895,1.75502,0.007492,0.007492,0.007492
78,27828.5,1.87335,0.98693,1.7337,0.75024,0.55309,0.6075,0.44464,1.69292,1.28805,1.75444,0.007459,0.007459,0.007459
79,28101.3,1.85812,0.98527,1.73117,0.75159,0.55228,0.60469,0.44243,1.69232,1.28675,1.75417,0.007426,0.007426,0.007426
80,28459.4,1.86605,0.97693,1.73158,0.75395,0.55249,0.60735,0.44402,1.69181,1.28548,1.75375,0.007393,0.007393,0.007393
81,28734.5,1.88487,0.9838,1.73541,0.75503,0.55132,0.60735,0.44465,1.69164,1.28476,1.75337,0.00736,0.00736,0.00736
82,29009.2,1.84789,0.97598,1.73005,0.75647,0.55109,0.60789,0.44523,1.69081,1.28283,1.75277,0.007327,0.007327,0.007327
83,29281,1.8572,0.97323,1.72812,0.75459,0.55071,0.60708,0.44556,1.69012,1.28177,1.75225,0.007294,0.007294,0.007294
84,29553.5,1.8451,0.97224,1.73453,0.75365,0.55093,0.60738,0.44614,1.6893,1.28034,1.75216,0.007261,0.007261,0.007261
85,29826.6,1.86275,0.97465,1.73727,0.7521,0.55251,0.61178,0.44997,1.68885,1.27903,1.75205,0.007228,0.007228,0.007228
86,30096,1.84415,0.96972,1.73335,0.75077,0.55224,0.61289,0.45061,1.68792,1.27819,1.75168,0.007195,0.007195,0.007195
87,30366.1,1.85751,0.96808,1.73237,0.75116,0.553,0.61483,0.45219,1.68698,1.27672,1.75132,0.007162,0.007162,0.007162
88,30636,1.84228,0.96883,1.72527,0.74826,0.55518,0.61716,0.45397,1.68663,1.2762,1.75129,0.007129,0.007129,0.007129
89,30909.7,1.84838,0.95905,1.72786,0.74526,0.55721,0.61782,0.45488,1.68558,1.27547,1.75125,0.007096,0.007096,0.007096
90,32431.9,1.84584,0.96611,1.73276,0.74818,0.55727,0.61926,0.45591,1.68545,1.27442,1.7512,0.007063,0.007063,0.007063
91,32706,1.86738,0.96302,1.72782,0.75014,0.55661,0.62084,0.45682,1.68425,1.27335,1.75072,0.00703,0.00703,0.00703
92,33227.1,1.83908,0.96075,1.72058,0.75182,0.55661,0.62119,0.45749,1.6833,1.27216,1.75016,0.006997,0.006997,0.006997
93,33497.9,1.82095,0.94706,1.71976,0.74873,0.5578,0.62129,0.45787,1.68266,1.27154,1.74971,0.006964,0.006964,0.006964
94,34812.4,1.83149,0.96067,1.72645,0.74728,0.56006,0.62223,0.45865,1.6816,1.27009,1.74927,0.006931,0.006931,0.006931
95,35083.4,1.8162,0.95043,1.70849,0.74806,0.56064,0.62272,0.45912,1.68108,1.26868,1.74908,0.006898,0.006898,0.006898
96,35355.3,1.81363,0.94393,1.72013,0.7429,0.56628,0.6179,0.45489,1.68038,1.26862,1.74881,0.006865,0.006865,0.006865
97,35627.2,1.84007,0.95529,1.72636,0.7556,0.55883,0.61882,0.45543,1.67979,1.26773,1.74859,0.006832,0.006832,0.006832
98,35903,1.82015,0.94606,1.71518,0.7579,0.55743,0.62544,0.46111,1.67933,1.26699,1.74822,0.006799,0.006799,0.006799
99,36171.6,1.81721,0.94766,1.71877,0.7579,0.55945,0.62772,0.46158,1.67868,1.26653,1.74809,0.006766,0.006766,0.006766
100,36440.3,1.81402,0.93895,1.71888,0.75832,0.55936,0.62203,0.45761,1.67785,1.26571,1.74784,0.006733,0.006733,0.006733
101,36716.2,1.81098,0.93365,1.70841,0.75457,0.56279,0.62238,0.45821,1.67733,1.26462,1.74747,0.0067,0.0067,0.0067
102,38207.2,1.81322,0.93885,1.70961,0.75241,0.56396,0.62247,0.45856,1.67643,1.26417,1.74697,0.006667,0.006667,0.006667
103,38477.3,1.80177,0.9425,1.71378,0.75251,0.5653,0.6246,0.46015,1.67568,1.26306,1.74672,0.006634,0.006634,0.006634
104,38748.1,1.82259,0.9403,1.71548,0.75553,0.56237,0.62537,0.46077,1.67475,1.26264,1.74651,0.006601,0.006601,0.006601
105,39573.3,1.82018,0.93602,1.702,0.75655,0.56233,0.62612,0.4615,1.67398,1.26149,1.74626,0.006568,0.006568,0.006568
106,39843.8,1.79802,0.93316,1.70865,0.75974,0.56075,0.63445,0.46849,1.67348,1.26062,1.74597,0.006535,0.006535,0.006535
107,40119.8,1.79547,0.92911,1.70608,0.76027,0.56042,0.63473,0.46881,1.67295,1.25963,1.74543,0.006502,0.006502,0.006502
108,40394.3,1.81593,0.94015,1.71433,0.75967,0.56118,0.62677,0.46294,1.6723,1.25886,1.74485,0.006469,0.006469,0.006469
109,40666.7,1.81172,0.92615,1.70848,0.75845,0.56279,0.62702,0.46295,1.6716,1.25788,1.74444,0.006436,0.006436,0.006436
110,40942.9,1.81829,0.92952,1.71047,0.75723,0.56287,0.62738,0.46385,1.67071,1.25717,1.74411,0.006403,0.006403,0.006403
111,42007.8,1.80037,0.92967,1.71029,0.76017,0.56281,0.62831,0.46391,1.6702,1.25606,1.74347,0.00637,0.00637,0.00637
112,42280.6,1.82943,0.949,1.72512,0.76101,0.56453,0.62911,0.46435,1.67,1.25557,1.74301,0.006337,0.006337,0.006337
113,42976.9,1.78304,0.91955,1.70793,0.7626,0.56426,0.6288,0.46467,1.66923,1.25508,1.74261,0.006304,0.006304,0.006304
114,43251.6,1.80203,0.91958,1.70422,0.76399,0.56458,0.62924,0.46489,1.66847,1.25368,1.74211,0.006271,0.006271,0.006271
115,43523.5,1.79235,0.92394,1.70467,0.76911,0.56151,0.63785,0.4708,1.66815,1.25294,1.74161,0.006238,0.006238,0.006238
116,43795.8,1.7958,0.91534,1.69614,0.77011,0.56107,0.63865,0.47116,1.66764,1.25174,1.74117,0.006205,0.006205,0.006205
117,44067.6,1.80909,0.92119,1.70417,0.76891,0.5627,0.63924,0.47205,1.66706,1.25065,1.74088,0.006172,0.006172,0.006172
118,44341.3,1.78506,0.90729,1.69802,0.77154,0.56192,0.64022,0.47249,1.66644,1.2499,1.74058,0.006139,0.006139,0.006139
119,44616.2,1.77844,0.91506,1.69257,0.77106,0.56248,0.64078,0.4728,1.66576,1.24924,1.74014,0.006106,0.006106,0.006106
120,44888.6,1.77999,0.91184,1.69801,0.77024,0.56462,0.64072,0.47314,1.66477,1.24837,1.73976,0.006073,0.006073,0.006073
121,45160.3,1.78398,0.91176,1.69733,0.76892,0.56495,0.6409,0.47356,1.66421,1.24727,1.73949,0.00604,0.00604,0.00604
122,45432.4,1.79647,0.91847,1.70294,0.7685,0.56358,0.64121,0.47412,1.66377,1.24701,1.73936,0.006007,0.006007,0.006007
123,45705.2,1.7788,0.90726,1.6942,0.76815,0.56612,0.64155,0.47478,1.6634,1.24663,1.73895,0.005974,0.005974,0.005974
124,45976.4,1.78868,0.91106,1.69478,0.76573,0.56791,0.64177,0.47513,1.66299,1.24624,1.73864,0.005941,0.005941,0.005941
125,46249.1,1.7778,0.90565,1.69403,0.76554,0.56739,0.64179,0.47611,1.66255,1.24529,1.73849,0.005908,0.005908,0.005908
126,46521.7,1.7665,0.90923,1.69157,0.76313,0.5694,0.64217,0.47636,1.6622,1.24504,1.73831,0.005875,0.005875,0.005875
127,46815.9,1.77083,0.90177,1.68829,0.76438,0.56824,0.6422,0.47668,1.66181,1.24463,1.7382,0.005842,0.005842,0.005842
128,47091.7,1.78243,0.90464,1.6987,0.76923,0.56495,0.64285,0.47674,1.66122,1.24407,1.73792,0.005809,0.005809,0.005809
129,47364.8,1.77164,0.89647,1.68922,0.77145,0.5643,0.64327,0.47716,1.66035,1.24336,1.73747,0.005776,0.005776,0.005776
130,47637,1.77429,0.89823,1.69236,0.76868,0.56615,0.64335,0.47747,1.66,1.24246,1.73678,0.005743,0.005743,0.005743
131,47909.1,1.75896,0.91062,1.68418,0.76661,0.56759,0.64346,0.47831,1.65937,1.24229,1.73639,0.00571,0.00571,0.00571
132,48182.7,1.76018,0.90144,1.69056,0.76775,0.56758,0.64408,0.47862,1.65909,1.24185,1.73606,0.005677,0.005677,0.005677
133,48456.8,1.76996,0.90479,1.68249,0.76448,0.57157,0.64469,0.4786,1.65897,1.24156,1.73604,0.005644,0.005644,0.005644
134,48733.4,1.76674,0.89542,1.68357,0.76399,0.57195,0.64452,0.47906,1.65834,1.24076,1.73566,0.005611,0.005611,0.005611
135,50804.6,1.74675,0.8881,1.68151,0.76413,0.5707,0.64465,0.47954,1.6575,1.24026,1.73491,0.005578,0.005578,0.005578
136,51647.6,1.75033,0.894,1.6856,0.76435,0.57142,0.64446,0.47994,1.65732,1.23967,1.73482,0.005545,0.005545,0.005545
137,51921.6,1.76641,0.88941,1.68324,0.76354,0.57257,0.64534,0.48051,1.65679,1.23893,1.73399,0.005512,0.005512,0.005512
138,52838.3,1.76277,0.89902,1.68555,0.76262,0.57332,0.64562,0.48105,1.65624,1.2382,1.73355,0.005479,0.005479,0.005479
139,53111.8,1.75615,0.88659,1.67782,0.76352,0.57423,0.64354,0.47991,1.6558,1.23802,1.73277,0.005446,0.005446,0.005446
140,53387.1,1.73504,0.88128,1.6789,0.76602,0.57262,0.64392,0.48016,1.65539,1.23787,1.73235,0.005413,0.005413,0.005413
141,53660.8,1.73819,0.88184,1.68204,0.76571,0.57268,0.64705,0.48254,1.65499,1.23747,1.73166,0.00538,0.00538,0.00538
142,53933,1.72158,0.8785,1.67299,0.76398,0.57365,0.64664,0.48287,1.65432,1.23718,1.7308,0.005347,0.005347,0.005347
143,54206.5,1.73429,0.87488,1.67599,0.76448,0.57354,0.64641,0.48286,1.65329,1.23697,1.73003,0.005314,0.005314,0.005314
144,54482.3,1.74295,0.87585,1.67201,0.76722,0.5729,0.65131,0.48687,1.65288,1.23653,1.72944,0.005281,0.005281,0.005281
145,54756.2,1.72296,0.8733,1.67408,0.76706,0.57301,0.65092,0.48693,1.65289,1.23622,1.72887,0.005248,0.005248,0.005248
146,55028.2,1.73054,0.87369,1.67209,0.76737,0.57284,0.66026,0.49441,1.65279,1.23623,1.7281,0.005215,0.005215,0.005215
147,55304.5,1.74831,0.87811,1.6698,0.76682,0.57245,0.65991,0.49479,1.65206,1.23611,1.72754,0.005182,0.005182,0.005182
148,55577.8,1.74104,0.87337,1.67157,0.76775,0.57145,0.66003,0.49487,1.65141,1.23611,1.727,0.005149,0.005149,0.005149
149,56531.1,1.72804,0.87375,1.68142,0.76625,0.57323,0.66015,0.49496,1.65038,1.23513,1.72637,0.005116,0.005116,0.005116
150,56806.6,1.7205,0.86791,1.66769,0.76397,0.57333,0.66146,0.49569,1.64967,1.23475,1.7258,0.005083,0.005083,0.005083
151,57079.8,1.72152,0.86853,1.67164,0.76201,0.57494,0.66151,0.49564,1.64922,1.2342,1.72561,0.00505,0.00505,0.00505
152,57354,1.73351,0.86728,1.67486,0.76034,0.57582,0.66168,0.49607,1.64865,1.23424,1.72511,0.005017,0.005017,0.005017
153,58940.5,1.73289,0.87467,1.67506,0.75968,0.57622,0.66172,0.49629,1.64825,1.23404,1.72437,0.004984,0.004984,0.004984
154,59215.8,1.72922,0.86739,1.66798,0.75918,0.57777,0.66216,0.49683,1.64765,1.23373,1.72419,0.004951,0.004951,0.004951
155,59489.4,1.72904,0.87209,1.66882,0.75842,0.57883,0.6625,0.49704,1.64681,1.23305,1.72338,0.004918,0.004918,0.004918
156,61131.3,1.7206,0.86952,1.66853,0.75838,0.5775,0.66319,0.4975,1.64627,1.23281,1.72267,0.004885,0.004885,0.004885
157,61404.5,1.72856,0.87217,1.67216,0.75687,0.5784,0.66374,0.49779,1.64565,1.23206,1.72223,0.004852,0.004852,0.004852
158,61981.7,1.72475,0.8694,1.66865,0.75805,0.57754,0.66368,0.49794,1.64477,1.2317,1.72181,0.004819,0.004819,0.004819
159,62255.8,1.72832,0.86434,1.67044,0.75776,0.5776,0.66465,0.49891,1.64405,1.23148,1.72155,0.004786,0.004786,0.004786
160,62531.9,1.73595,0.8635,1.66896,0.76385,0.57466,0.66392,0.49882,1.64368,1.23083,1.72117,0.004753,0.004753,0.004753
161,64006.8,1.71997,0.86168,1.66544,0.76406,0.574,0.65966,0.49597,1.64286,1.23039,1.72056,0.00472,0.00472,0.00472
162,64279.6,1.72093,0.85468,1.6563,0.76619,0.57198,0.65908,0.49588,1.64202,1.22979,1.72014,0.004687,0.004687,0.004687
163,64552.8,1.72091,0.85717,1.66493,0.7651,0.57324,0.66048,0.49691,1.64177,1.22976,1.71992,0.004654,0.004654,0.004654
164,65702.3,1.71727,0.85169,1.66177,0.7652,0.57508,0.66059,0.49696,1.64132,1.22901,1.71966,0.004621,0.004621,0.004621
165,65974.6,1.71038,0.85421,1.66984,0.76462,0.57475,0.66073,0.49725,1.64039,1.22829,1.71927,0.004588,0.004588,0.004588
166,66247.8,1.71543,0.86066,1.65754,0.76424,0.57399,0.66057,0.49736,1.63997,1.22785,1.71902,0.004555,0.004555,0.004555
167,66521.4,1.70777,0.85574,1.66327,0.76396,0.57434,0.6611,0.49775,1.63974,1.22743,1.71878,0.004522,0.004522,0.004522
168,67117.1,1.71827,0.85574,1.66559,0.76328,0.57432,0.66093,0.49771,1.63939,1.22675,1.71828,0.004489,0.004489,0.004489
169,67390,1.70025,0.84271,1.66098,0.76452,0.57579,0.66573,0.50134,1.63838,1.22629,1.71748,0.004456,0.004456,0.004456
170,67665,1.70226,0.84504,1.66615,0.76443,0.57519,0.66567,0.50157,1.63827,1.2261,1.7175,0.004423,0.004423,0.004423
171,67937.8,1.70767,0.84716,1.65154,0.76484,0.5756,0.66559,0.50167,1.63767,1.22542,1.71709,0.00439,0.00439,0.00439
172,68210.3,1.68508,0.84416,1.65421,0.76503,0.57644,0.66106,0.49864,1.6365,1.22473,1.71628,0.004357,0.004357,0.004357
173,68482.2,1.698,0.84246,1.65804,0.76541,0.5765,0.66541,0.50215,1.63561,1.22394,1.71555,0.004324,0.004324,0.004324
174,68756.6,1.68662,0.84212,1.65418,0.76504,0.57709,0.66537,0.50246,1.63509,1.22356,1.715,0.004291,0.004291,0.004291
175,69030.2,1.71857,0.84711,1.66924,0.76472,0.57786,0.6654,0.50294,1.63478,1.22362,1.71475,0.004258,0.004258,0.004258
176,69304,1.6989,0.84511,1.66284,0.76366,0.57903,0.66546,0.50293,1.63443,1.22313,1.71457,0.004225,0.004225,0.004225
177,70378.1,1.70051,0.8431,1.66228,0.7612,0.58038,0.66539,0.50329,1.63354,1.22261,1.71377,0.004192,0.004192,0.004192
178,70650,1.69282,0.84356,1.65601,0.76135,0.58014,0.66399,0.50268,1.63296,1.22245,1.71307,0.004159,0.004159,0.004159
179,70922.9,1.70281,0.84688,1.65647,0.76438,0.57822,0.66435,0.50312,1.63293,1.22213,1.71285,0.004126,0.004126,0.004126
180,71194.5,1.68221,0.8445,1.6503,0.76482,0.57844,0.66443,0.50322,1.63227,1.22132,1.712,0.004093,0.004093,0.004093
181,71468.9,1.67926,0.83322,1.64784,0.7663,0.57713,0.66469,0.50394,1.63224,1.22134,1.712,0.00406,0.00406,0.00406
182,71740.7,1.69048,0.83735,1.6529,0.76751,0.57726,0.6649,0.50444,1.63176,1.22053,1.712,0.004027,0.004027,0.004027
183,72015.1,1.68687,0.83777,1.65111,0.76756,0.57795,0.66445,0.50493,1.6318,1.22003,1.71169,0.003994,0.003994,0.003994
184,72290,1.67724,0.83442,1.65171,0.76909,0.57654,0.66477,0.50541,1.63096,1.21993,1.7111,0.003961,0.003961,0.003961
185,74204,1.68774,0.84024,1.64963,0.76859,0.57779,0.6651,0.50561,1.63054,1.2195,1.71082,0.003928,0.003928,0.003928
186,74478.2,1.67943,0.83071,1.64709,0.77128,0.57513,0.66525,0.50602,1.62999,1.21908,1.71003,0.003895,0.003895,0.003895
187,74753,1.69253,0.83887,1.65302,0.77065,0.57551,0.66526,0.50604,1.62944,1.21867,1.70954,0.003862,0.003862,0.003862
188,75634.7,1.67292,0.82399,1.64925,0.77183,0.57468,0.66554,0.50637,1.62921,1.2179,1.70938,0.003829,0.003829,0.003829
189,75907.6,1.67962,0.82537,1.64868,0.71734,0.57454,0.66693,0.50674,1.6289,1.21726,1.70926,0.003796,0.003796,0.003796
190,76180.8,1.67628,0.82449,1.65283,0.71807,0.57414,0.66724,0.50778,1.62814,1.21686,1.70887,0.003763,0.003763,0.003763
191,76452.7,1.67431,0.82649,1.65123,0.71744,0.57445,0.66777,0.50831,1.62759,1.21608,1.7087,0.00373,0.00373,0.00373
192,76727,1.69183,0.82902,1.65597,0.7184,0.57334,0.66788,0.50855,1.62684,1.21557,1.7086,0.003697,0.003697,0.003697
193,77001.3,1.67438,0.82207,1.64907,0.71877,0.57391,0.66788,0.509,1.62644,1.21503,1.70823,0.003664,0.003664,0.003664
194,77278.1,1.67037,0.82696,1.65424,0.71951,0.57482,0.66801,0.50934,1.62593,1.21459,1.7076,0.003631,0.003631,0.003631
195,77551.6,1.66074,0.8214,1.64588,0.7193,0.57384,0.66766,0.50933,1.62561,1.21444,1.7071,0.003598,0.003598,0.003598
196,77825.3,1.66925,0.8176,1.64446,0.71981,0.57398,0.66776,0.50992,1.62517,1.21462,1.7065,0.003565,0.003565,0.003565
197,78098,1.67005,0.82077,1.64544,0.72064,0.5741,0.66886,0.51123,1.62467,1.21375,1.70624,0.003532,0.003532,0.003532
198,78372,1.6614,0.81604,1.64417,0.71953,0.57571,0.6689,0.51123,1.62399,1.21371,1.70571,0.003499,0.003499,0.003499
199,78645.1,1.65161,0.81308,1.6391,0.71996,0.57536,0.66937,0.51169,1.62386,1.2135,1.70521,0.003466,0.003466,0.003466
200,78918.7,1.6612,0.81411,1.64198,0.71564,0.5773,0.66996,0.51211,1.62334,1.21314,1.70504,0.003433,0.003433,0.003433
201,79848.1,1.66406,0.81483,1.64915,0.71491,0.57821,0.67056,0.51263,1.6225,1.21304,1.70458,0.0034,0.0034,0.0034
202,80121.4,1.67166,0.82078,1.64776,0.71564,0.57898,0.67133,0.51312,1.62214,1.21237,1.70423,0.003367,0.003367,0.003367
203,81974.3,1.66024,0.81627,1.64615,0.71529,0.57909,0.67125,0.51367,1.62189,1.21167,1.70392,0.003334,0.003334,0.003334
204,82247,1.65127,0.81525,1.64499,0.71505,0.57967,0.67143,0.5134,1.62193,1.21079,1.70352,0.003301,0.003301,0.003301
205,82521.2,1.65264,0.81382,1.64089,0.71501,0.57941,0.67249,0.51444,1.62151,1.2106,1.70343,0.003268,0.003268,0.003268
206,82790.3,1.64797,0.82064,1.63993,0.7178,0.57854,0.67287,0.51489,1.62123,1.20978,1.70273,0.003235,0.003235,0.003235
207,83058.7,1.63711,0.81646,1.63683,0.71874,0.57839,0.67317,0.51524,1.62104,1.20944,1.70236,0.003202,0.003202,0.003202
208,84147.9,1.67042,0.81489,1.6489,0.7184,0.579,0.67404,0.51609,1.62082,1.20887,1.70229,0.003169,0.003169,0.003169
209,84418.9,1.66115,0.81159,1.64844,0.7185,0.57877,0.67422,0.51645,1.6205,1.2087,1.70169,0.003136,0.003136,0.003136
210,84688.3,1.67041,0.80565,1.64047,0.71807,0.57914,0.67454,0.51648,1.62071,1.20887,1.7017,0.003103,0.003103,0.003103
211,84961.1,1.64799,0.80992,1.64542,0.71848,0.5788,0.67427,0.51619,1.62041,1.2085,1.70126,0.00307,0.00307,0.00307
212,85395.7,1.6366,0.80218,1.63723,0.72007,0.57862,0.67606,0.51737,1.62016,1.20797,1.70085,0.003037,0.003037,0.003037
213,85668.4,1.64586,0.80575,1.63191,0.72044,0.57774,0.67886,0.51939,1.61945,1.20735,1.70058,0.003004,0.003004,0.003004
214,85937.3,1.64116,0.8043,1.63805,0.7185,0.579,0.67828,0.51953,1.61917,1.20717,1.70031,0.002971,0.002971,0.002971
215,86210.7,1.65757,0.802,1.63375,0.71601,0.5797,0.67856,0.51986,1.61904,1.20739,1.6997,0.002938,0.002938,0.002938
216,86481.1,1.65505,0.80158,1.63745,0.71643,0.57965,0.67892,0.52025,1.61878,1.20706,1.69918,0.002905,0.002905,0.002905
217,86750.3,1.64349,0.80341,1.63957,0.71482,0.57994,0.67788,0.51974,1.61879,1.20654,1.69894,0.002872,0.002872,0.002872
218,87023.6,1.63512,0.79264,1.6364,0.71529,0.58092,0.6786,0.5205,1.61892,1.20633,1.69861,0.002839,0.002839,0.002839
219,87295.1,1.63489,0.7954,1.63429,0.70891,0.58622,0.67819,0.52051,1.61943,1.20613,1.69836,0.002806,0.002806,0.002806
220,87938.4,1.63779,0.79097,1.63398,0.71109,0.58519,0.67825,0.52055,1.61925,1.20539,1.6983,0.002773,0.002773,0.002773
221,88212.4,1.64638,0.80182,1.63604,0.71292,0.58656,0.67969,0.52147,1.61877,1.20528,1.69793,0.00274,0.00274,0.00274
222,88482.6,1.64534,0.80015,1.63056,0.71269,0.58659,0.67986,0.52159,1.61827,1.20463,1.6974,0.002707,0.002707,0.002707
223,88755.6,1.62985,0.79041,1.63406,0.71336,0.58709,0.68006,0.52181,1.61855,1.20445,1.69728,0.002674,0.002674,0.002674
224,89029.5,1.63833,0.79449,1.63429,0.71996,0.58285,0.68039,0.5222,1.61807,1.20405,1.69695,0.002641,0.002641,0.002641
225,89991,1.64183,0.79349,1.6338,0.72116,0.58123,0.68039,0.52253,1.61788,1.20333,1.69659,0.002608,0.002608,0.002608
226,90263,1.62362,0.78823,1.6269,0.63013,0.65415,0.68059,0.52261,1.61744,1.20342,1.69612,0.002575,0.002575,0.002575
227,90534,1.64974,0.79201,1.64184,0.63113,0.65566,0.68106,0.52133,1.61757,1.20359,1.69599,0.002542,0.002542,0.002542
228,90808.5,1.61674,0.78433,1.63002,0.63208,0.65703,0.68159,0.5219,1.61766,1.20363,1.69549,0.002509,0.002509,0.002509
229,91076.6,1.61955,0.78809,1.62257,0.63154,0.65903,0.68181,0.52206,1.61714,1.20258,1.69489,0.002476,0.002476,0.002476
230,91351,1.62104,0.7875,1.63259,0.632,0.66099,0.68222,0.52236,1.61642,1.20195,1.69408,0.002443,0.002443,0.002443
231,91625.6,1.62327,0.7844,1.62782,0.63131,0.66325,0.68265,0.52449,1.61595,1.20147,1.69364,0.00241,0.00241,0.00241
232,91900.4,1.61576,0.78317,1.6262,0.63227,0.66499,0.68027,0.52285,1.61548,1.20109,1.69314,0.002377,0.002377,0.002377
233,92174.4,1.62127,0.78738,1.62682,0.63134,0.66699,0.68013,0.52272,1.61494,1.20002,1.69293,0.002344,0.002344,0.002344
234,92447.6,1.61708,0.7807,1.62491,0.63286,0.66657,0.68018,0.52285,1.61441,1.199,1.69232,0.002311,0.002311,0.002311
235,92722.6,1.61802,0.78594,1.62646,0.63397,0.66777,0.68074,0.52193,1.61382,1.1986,1.69185,0.002278,0.002278,0.002278
236,92999.9,1.6306,0.78372,1.62911,0.63536,0.66974,0.68104,0.52383,1.6133,1.19778,1.69092,0.002245,0.002245,0.002245
237,93273.3,1.61518,0.7824,1.62893,0.63523,0.67072,0.68133,0.52249,1.61255,1.1973,1.69053,0.002212,0.002212,0.002212
238,93548.4,1.60549,0.7699,1.61985,0.63587,0.67009,0.68219,0.52279,1.61221,1.19711,1.69012,0.002179,0.002179,0.002179
239,94523.1,1.6146,0.776,1.62903,0.63603,0.66953,0.68251,0.52302,1.61217,1.19665,1.68964,0.002146,0.002146,0.002146
240,94798,1.60916,0.77371,1.62404,0.6383,0.66796,0.68253,0.52322,1.61174,1.19635,1.68941,0.002113,0.002113,0.002113
241,95071.7,1.61084,0.77367,1.62581,0.64869,0.66606,0.68376,0.52357,1.61142,1.19625,1.68901,0.00208,0.00208,0.00208
242,95345.5,1.60069,0.76936,1.61837,0.65507,0.6635,0.68344,0.52535,1.6109,1.19587,1.68862,0.002047,0.002047,0.002047
243,95620.1,1.59966,0.76836,1.61883,0.65862,0.66035,0.68347,0.52569,1.61012,1.19472,1.68812,0.002014,0.002014,0.002014
244,95892.9,1.59543,0.77039,1.61783,0.66274,0.65559,0.68412,0.52577,1.60967,1.19453,1.68804,0.001981,0.001981,0.001981
245,96166.7,1.60908,0.77005,1.62767,0.66376,0.6528,0.68373,0.52592,1.60941,1.1948,1.68796,0.001948,0.001948,0.001948
246,96438.2,1.61075,0.77078,1.62772,0.6689,0.65415,0.68459,0.52627,1.60905,1.19447,1.68769,0.001915,0.001915,0.001915
247,97571.2,1.59011,0.76355,1.62173,0.67088,0.65491,0.68485,0.52648,1.60885,1.19439,1.68756,0.001882,0.001882,0.001882
248,97843.3,1.59524,0.76366,1.61744,0.66879,0.65331,0.68484,0.52684,1.60877,1.1947,1.68762,0.001849,0.001849,0.001849
249,98117.5,1.60612,0.76588,1.62586,0.67064,0.65307,0.68508,0.52725,1.6087,1.19502,1.68738,0.001816,0.001816,0.001816
250,98391.3,1.60735,0.76598,1.6255,0.67078,0.65211,0.68569,0.52786,1.60874,1.19475,1.68738,0.001783,0.001783,0.001783
251,98663,1.59022,0.76388,1.61842,0.67205,0.651,0.68593,0.528,1.60815,1.19468,1.68726,0.00175,0.00175,0.00175
252,98938.9,1.60141,0.76331,1.62032,0.67092,0.64954,0.68706,0.52865,1.60774,1.19435,1.68679,0.001717,0.001717,0.001717
253,99210.5,1.59322,0.7638,1.61615,0.67227,0.64923,0.68671,0.52873,1.60734,1.19401,1.68643,0.001684,0.001684,0.001684
254,99481.7,1.59555,0.76513,1.62334,0.67355,0.64842,0.68746,0.52901,1.60721,1.19379,1.68628,0.001651,0.001651,0.001651
255,99756.3,1.59224,0.75833,1.62051,0.67637,0.64563,0.68818,0.52957,1.60717,1.19396,1.68625,0.001618,0.001618,0.001618
256,100029,1.5789,0.7529,1.61438,0.67589,0.64589,0.68845,0.52997,1.60692,1.19324,1.68591,0.001585,0.001585,0.001585
257,101295,1.60246,0.75993,1.61882,0.67917,0.64416,0.68862,0.53009,1.60647,1.19248,1.68573,0.001552,0.001552,0.001552
258,101567,1.58531,0.76076,1.61535,0.68074,0.64137,0.68882,0.53009,1.60608,1.1919,1.68539,0.001519,0.001519,0.001519
259,101845,1.5913,0.75219,1.61525,0.68361,0.64279,0.68883,0.53019,1.60537,1.19104,1.68488,0.001486,0.001486,0.001486
260,103756,1.58487,0.75562,1.6094,0.6841,0.64263,0.68943,0.53067,1.605,1.1909,1.68469,0.001453,0.001453,0.001453
261,104028,1.57577,0.7499,1.61667,0.68549,0.64207,0.68929,0.53052,1.60484,1.19061,1.68477,0.00142,0.00142,0.00142
262,104299,1.57494,0.75049,1.60922,0.68528,0.64232,0.68955,0.53265,1.60469,1.19096,1.68481,0.001387,0.001387,0.001387
263,104570,1.57794,0.74858,1.61658,0.68567,0.64185,0.68964,0.53302,1.60438,1.19052,1.68459,0.001354,0.001354,0.001354
264,104840,1.58154,0.7476,1.61726,0.68672,0.64125,0.68998,0.53128,1.60395,1.18973,1.68421,0.001321,0.001321,0.001321
265,105112,1.57352,0.74731,1.61221,0.68622,0.64144,0.68964,0.53119,1.60364,1.18953,1.68412,0.001288,0.001288,0.001288
266,105386,1.56622,0.74297,1.60865,0.68591,0.64139,0.68965,0.53095,1.60368,1.18878,1.68379,0.001255,0.001255,0.001255
267,105659,1.57949,0.74606,1.61281,0.68759,0.64053,0.68979,0.53309,1.60317,1.18875,1.68349,0.001222,0.001222,0.001222
268,105933,1.56001,0.73755,1.60759,0.68909,0.63954,0.69115,0.5337,1.60266,1.18824,1.68323,0.001189,0.001189,0.001189
269,107082,1.5751,0.74312,1.61845,0.68939,0.63926,0.69127,0.53417,1.60216,1.18744,1.6832,0.001156,0.001156,0.001156
270,107353,1.56111,0.73779,1.60662,0.69069,0.63599,0.69148,0.53444,1.60171,1.18706,1.68313,0.001123,0.001123,0.001123
271,107628,1.57559,0.74507,1.61337,0.69052,0.63456,0.69169,0.53523,1.60127,1.18642,1.68297,0.00109,0.00109,0.00109
272,107901,1.56224,0.73581,1.6062,0.69056,0.63437,0.69151,0.53518,1.60116,1.18593,1.68369,0.001057,0.001057,0.001057
273,109035,1.54539,0.73361,1.60268,0.69091,0.63382,0.69205,0.53548,1.60079,1.18561,1.68339,0.001024,0.001024,0.001024
274,109308,1.53798,0.73574,1.60708,0.69316,0.63312,0.69224,0.5358,1.60036,1.18536,1.68305,0.000991,0.000991,0.000991
275,110536,1.5559,0.73724,1.60485,0.69599,0.63258,0.69314,0.53638,1.60047,1.18492,1.68299,0.000958,0.000958,0.000958
276,110811,1.55425,0.73189,1.60813,0.7027,0.63014,0.69288,0.53675,1.60039,1.18447,1.68302,0.000925,0.000925,0.000925
277,111084,1.54876,0.73186,1.60961,0.70636,0.62694,0.69284,0.5368,1.60034,1.18431,1.68316,0.000892,0.000892,0.000892
278,111355,1.55427,0.73407,1.60381,0.70862,0.62527,0.69285,0.5351,1.59986,1.18377,1.68293,0.000859,0.000859,0.000859
279,111628,1.56483,0.73145,1.60809,0.70858,0.62388,0.693,0.53516,1.59987,1.18324,1.68286,0.000826,0.000826,0.000826
280,111904,1.55366,0.72942,1.61019,0.71262,0.62025,0.69341,0.53535,1.59956,1.18293,1.6826,0.000793,0.000793,0.000793
281,112184,1.56762,0.72981,1.61136,0.71374,0.61792,0.69341,0.53565,1.59952,1.18256,1.68242,0.00076,0.00076,0.00076
282,112465,1.55027,0.72968,1.60556,0.71523,0.61669,0.69302,0.5377,1.59942,1.18234,1.68256,0.000727,0.000727,0.000727
283,112740,1.55716,0.73359,1.60623,0.7152,0.61631,0.693,0.53765,1.59918,1.1819,1.68256,0.000694,0.000694,0.000694
284,113013,1.54583,0.73202,1.60375,0.71522,0.61578,0.69321,0.53802,1.59914,1.18189,1.68286,0.000661,0.000661,0.000661
285,113287,1.54546,0.72233,1.60431,0.71574,0.61456,0.69311,0.53816,1.59913,1.1814,1.68307,0.000628,0.000628,0.000628
286,113561,1.54038,0.72238,1.60439,0.71816,0.61384,0.69311,0.53825,1.59881,1.18079,1.68318,0.000595,0.000595,0.000595
287,113833,1.55448,0.72723,1.60362,0.71832,0.61312,0.69299,0.53843,1.59837,1.18037,1.68331,0.000562,0.000562,0.000562
288,114107,1.54377,0.72089,1.59932,0.71788,0.6137,0.69309,0.53651,1.59838,1.17906,1.68348,0.000529,0.000529,0.000529
289,115201,1.52413,0.71456,1.59726,0.72008,0.6128,0.69263,0.53658,1.5983,1.17804,1.68338,0.000496,0.000496,0.000496
290,115472,1.54556,0.71916,1.60639,0.72314,0.61095,0.69281,0.53681,1.59801,1.17688,1.68369,0.000463,0.000463,0.000463
291,115765,1.48044,0.73761,1.6107,0.72607,0.61082,0.69375,0.53911,1.59759,1.17507,1.68341,0.00043,0.00043,0.00043
292,116030,1.48002,0.73295,1.6059,0.72757,0.60991,0.6942,0.5395,1.59742,1.17355,1.68325,0.000397,0.000397,0.000397
293,116292,1.46939,0.71817,1.60273,0.72785,0.60881,0.69395,0.53971,1.59735,1.17187,1.68328,0.000364,0.000364,0.000364
294,117445,1.47306,0.71828,1.60306,0.72828,0.60782,0.69438,0.53985,1.59743,1.17062,1.68325,0.000331,0.000331,0.000331
295,117708,1.46114,0.71506,1.59761,0.7315,0.607,0.69465,0.54005,1.59731,1.16932,1.68277,0.000298,0.000298,0.000298
296,117973,1.46156,0.71249,1.60368,0.73569,0.60342,0.69443,0.54035,1.59711,1.16846,1.68258,0.000265,0.000265,0.000265
297,118238,1.47473,0.71714,1.60511,0.73706,0.60334,0.69521,0.54067,1.59664,1.16749,1.68218,0.000232,0.000232,0.000232
298,118502,1.46501,0.71826,1.60498,0.73343,0.60703,0.6949,0.54053,1.59656,1.166,1.68194,0.000199,0.000199,0.000199
299,118766,1.46203,0.7106,1.59965,0.72918,0.60867,0.69503,0.54066,1.59627,1.16479,1.68168,0.000166,0.000166,0.000166
300,119030,1.46796,0.70986,1.60063,0.72848,0.61059,0.69658,0.5411,1.59571,1.16344,1.68133,0.000133,0.000133,0.000133
