                  epoch,      train/box_om_loss,         train/cls_loss,         train/dfl_loss,   metrics/precision(B),      metrics/recall(B),        val/box_om_loss,           val/cls_loss,           val/dfl_loss,       metrics/mAP50(B),    metrics/mAP50-95(B)
0,3.6074507122951687,3.0875650748361685,3.3613548292496804,0.0534058665443645,0.03983664882902901,3.9616754161424996,3.378517860286295,3.605646142891463,0.03565921482761513,0.0263868085206892
1,3.5450346877116083,3.0453173550975743,3.286581881602188,0.05099433075497978,0.03800262342770244,3.8838823026307336,3.2995044492576335,3.5335778789138135,0.037335527183483874,0.0275929380894403
2,3.5048068496139293,3.019414485426465,3.264692390247603,0.054538538094132824,0.041721446154567875,3.8229833684356866,3.241022199942361,3.4820465753232988,0.03740553977357797,0.02902541894411181
3,3.4667796062484055,2.9725979425835005,3.2240228413842162,0.06225687002026556,0.04480835348065642,3.779252368891335,3.1809825576129493,3.4608156801685066,0.038490119874733476,0.02855743408502468
4,3.3901100514803266,2.9191060341790673,3.162722478643209,0.058326661224174625,0.04334008512617735,3.7217216782727887,3.1294738599510143,3.375781173708167,0.041261109179355215,0.02831314822863707
5,3.340630072459597,2.8778842717117366,3.1382851810763412,0.05914742040436893,0.0443251059220038,3.6633570304627225,3.0863712047428877,3.3687822211126743,0.04177061602120412,0.029648737906178235
6,3.3191679299476817,2.8527097439375124,3.0529054161213254,0.05369831033476026,0.04166142233110541,3.6273767748377095,3.068519153873051,3.2819704266953527,0.03998997955533161,0.02929819921700581
7,3.25913318809897,2.7827953879339287,3.0009754924144003,0.0658502652130991,0.04292941419475695,3.578915776586641,3.0272761883125208,3.257197546045802,0.04299590246874289,0.02973688776619467
8,3.1935125051484077,2.7586917540378035,2.9488391533952787,0.06700765484753642,0.040327173847930886,3.514432719944694,2.9518020965983607,3.1956253438011974,0.043871678075855,0.029931416223591103
9,3.1624039252139746,2.706949444203653,2.954564593947511,0.07629835692284921,0.05720855193329583,3.4846408687035315,2.945549503986315,3.1633133360264205,0.04282393392500363,0.032426424725230496
10,3.1017902542577787,2.6668836116453107,2.8992606595171533,0.06568644165950455,0.043386454130966895,3.395560700405147,2.882199258896591,3.1005798096182526,0.045720999961744925,0.030635263300324508
11,3.0569840140535747,2.647455368092295,2.8466380677711514,0.07010652567647055,0.04731143214166443,3.360812252251414,2.8496737330145914,3.0615280667660443,0.047388597063370654,0.033587406238371656
12,3.0235678439230327,2.604827353853169,2.810391788628743,0.07208612035017854,0.04837965099270359,3.3048053009638947,2.830375568657777,3.020552197480478,0.045695292255970646,0.033167083102043506
13,2.947935433187959,2.5667579517906067,2.7487126363447363,0.08059868073345527,0.057668039192358245,3.240196084807151,2.779047561792195,2.961601825021104,0.04688654960321034,0.03189109685001691
14,2.908172844790006,2.5368729678503033,2.762354978704597,0.07415173347410016,0.05296686272382546,3.220373271891096,2.7216407392917574,2.9451589774590032,0.04982728996379053,0.03429241128437916
15,2.8837281928898815,2.480957250224425,2.688340666943843,0.07798550114151555,0.06195544550806174,3.173976528124168,2.6730344658329854,2.884464302331422,0.050106380687399865,0.032470442358247635
16,2.8357782159618594,2.454828641990441,2.6494259370130195,0.0816382456526098,0.05365180582364688,3.1534509304249023,2.615507784074006,2.8475416840367753,0.05143162217745692,0.035853206277062316
17,2.815173410643831,2.404498236724137,2.620692468722451,0.0815871667573793,0.05974462577888862,3.0959024728596205,2.5990186695753343,2.7955444600357744,0.05228632477875244,0.036781857865342625
18,2.756997945048679,2.3791535131961368,2.5796698005212044,0.08052509945924419,0.05553166304188716,3.0275009700210744,2.5692877084627384,2.7321833012995675,0.053422678315750975,0.03598507505056696
19,2.710250876516428,2.3380538572163845,2.5390789778983662,0.08587944985781351,0.07182171206674298,3.0278188922848885,2.5209130246269114,2.728570015597455,0.05281274475190276,0.03739383913532614
20,2.714884925369949,2.3077426090815,2.487736814889688,0.09247827129330059,0.05657484676847934,2.9761750924411428,2.4976250772149835,2.7290894251603195,0.056315089535004643,0.03992954592194436
21,2.6516152425925847,2.282054006593951,2.4711362945131805,0.08422881894661932,0.06550860046992306,2.9251397795675267,2.465217047400522,2.666770951418353,0.057587572250397165,0.03818715771648106
22,2.6187429073469315,2.2282404259935342,2.45735222770645,0.09232848145643172,0.06860530774256789,2.872244908819798,2.425749020532203,2.617441078580597,0.05736079452460292,0.038364115340006576
23,2.559702909027111,2.239825674478056,2.4149382992738686,0.09051699926632749,0.06901309745135296,2.8211582431276154,2.385006959869192,2.577130769382189,0.05874124295629202,0.041647592479407095
24,2.5368584064461683,2.1618058681772947,2.3848579375065087,0.1023993093979561,0.06755657908436846,2.790537059483672,2.3634899581864186,2.545361135706227,0.058470819516502105,0.04288439646555633
25,2.5112338554870677,2.1276609353694265,2.3200536554548634,0.09126787826152229,0.06940455102468807,2.773673434997116,2.3343510003448724,2.517776803369048,0.0617564038649366,0.041694546885025836
26,2.4574369875434967,2.1327358179067284,2.2801889507006505,0.09860295428084538,0.07187555566278464,2.7474739880943035,2.278677036842886,2.4569896989751987,0.06307778761285475,0.043484706855505116
27,2.44604555546486,2.0972337649504094,2.2609976510638257,0.10585212667057955,0.07255702316264799,2.7048471836002896,2.2840484405615142,2.457124910609708,0.06373082451151285,0.044610653123553
28,2.3976754925249972,2.0652112360203394,2.232103129503499,0.11441766998137148,0.07978013827894712,2.6374790571289024,2.2297884338349045,2.4174157926053983,0.06622870501595202,0.043336358383981914
29,2.3691420797344156,2.036252982872614,2.216585515884547,0.10894147097158184,0.08771572411274818,2.591740488792728,2.2004553874516555,2.384290271866934,0.0661060087665693,0.044417126517881454
30,2.3318725118969863,1.9981021456026697,2.1442050096921776,0.10923128206078482,0.07561215389367214,2.5749706026978854,2.1802151954867486,2.3474752471625733,0.06836517269885713,0.04697101424479196
31,2.3366020597915327,1.956756835573624,2.162460023876814,0.12420768490679102,0.07332171705460631,2.511242973448947,2.1430150110538575,2.3091121368893086,0.0681664784388619,0.048277173284108965
32,2.277065444061033,1.943746483000995,2.107568540051411,0.11041467066376505,0.08153553156607263,2.5081092839978836,2.124235708038794,2.2873608209716045,0.07057361102067493,0.048021566160005295
33,2.230373729283219,1.9053020433926808,2.074446215092249,0.10957240922340174,0.0967172610294181,2.467110297537223,2.0851562936194874,2.255116605223678,0.07185962300292675,0.04746010018627959
34,2.22806191383196,1.903385068632877,2.037059440762109,0.12573768336649857,0.08167814477298356,2.4289572932614902,2.0430544457714053,2.2104131294862968,0.0737222421903192,0.05122310448598044
35,2.167399811714586,1.8602925474335996,1.999282587232155,0.1240585762524041,0.09580639924378453,2.379202464186163,2.029527990188233,2.1771084398706972,0.07461685616686536,0.04961629819989641
36,2.159330189425956,1.8242901231113866,2.008782467041508,0.12455454868663332,0.09795056975936363,2.3785447279276384,1.9792790151722697,2.1577250799298144,0.07637119948051144,0.0507386517862926
37,2.097774796537364,1.8064528297213203,1.970321502378664,0.1363555268882188,0.08878278069118396,2.3311015090877154,1.9708501284574858,2.150405150667988,0.07887219588826426,0.05235814095255881
38,2.0786994510649683,1.7924884333877735,1.923108938189926,0.13724745447889924,0.09642214581793197,2.2903193244313944,1.941959901826375,2.080035635663636,0.07918039519442946,0.05452766889234743
39,2.073499404173288,1.7532723066387852,1.8967111487020938,0.13648491502921908,0.10378401399957467,2.2340762854643317,1.91301557742396,2.0485336066489648,0.07960947216411504,0.05480108062117704
40,2.0540117796042257,1.7252346273577612,1.885214586608424,0.13624323801035254,0.09584991659590048,2.2465471930383125,1.888323294426192,2.045406193522842,0.0845927455080373,0.05535165635126138
41,2.018349981727897,1.7174623334936698,1.8898285642950103,0.150409501586707,0.09887032558847411,2.2438425556016606,1.8365655057332049,2.0165427730378878,0.08588029196133967,0.056406054931027245
42,1.987338247896687,1.6941133491825775,1.8358620411037747,0.15276405063779055,0.0991620572912926,2.2129674514881517,1.8315250377581143,1.9916730970980667,0.08489115458014211,0.05700874526570442
43,1.9582913506979593,1.6598527702347567,1.7925852677017897,0.15254670311955237,0.0992188800503034,2.1524647034828606,1.816525085515678,1.966467204100426,0.08858694418401122,0.05856252213968244
44,1.914799133631847,1.6377892684671633,1.7872297573081093,0.16586930542471048,0.10330883971328739,2.1220353729088712,1.7933137491493594,1.9336289296678364,0.0891376541162952,0.05653086136422773
45,1.9007753056453267,1.6261070967352056,1.763008804676829,0.15494348487922194,0.1027388350318483,2.110314548434677,1.7516845311091547,1.9339209203502785,0.09167741246830322,0.05983693819936113
46,1.8796792835905198,1.579043991888092,1.7032237614386108,0.15638852696716352,0.11137337913305415,2.060980789675366,1.762662678695705,1.862575305477769,0.09351167647289065,0.06146527535455743
47,1.8778745458422186,1.5581535417771692,1.719827182423109,0.16434347178632439,0.10973899608839083,2.0536087514883143,1.7076489826976586,1.8495902570772311,0.09481712528278351,0.061180828196131035
48,1.8430069595186358,1.547344436209434,1.6945228743985346,0.17142666785698754,0.11718551222604555,2.034142578586046,1.7125287503595659,1.8363038637728732,0.09613272041918072,0.06384373239131953
49,1.7876414683400403,1.534124479560993,1.686149724225777,0.17678766886947594,0.11070697538130994,2.015061731904103,1.682114544181651,1.7894392385031688,0.09812208422541195,0.06439637856240037
50,1.795575526763572,1.5215385973037892,1.681528966945415,0.17834596260638677,0.12265319156921689,1.9695914186275745,1.6441012158735777,1.788076451156169,0.09982406760469649,0.06751783510094093
51,1.7619515480296808,1.518892152710678,1.6491432712893965,0.18535834501124154,0.1277215371325191,1.942897155567889,1.6588744592353228,1.7926498347218458,0.10186786999670738,0.06851515151933278
52,1.734967400423193,1.4898459709723395,1.6070178231677235,0.18145095102987613,0.11618336351267024,1.9080566069790383,1.5931466010496986,1.7454345277522219,0.10462404256554717,0.06767455397602223
53,1.732063476387747,1.4551282125987908,1.5736099226705629,0.19910255061530927,0.13066378606379334,1.8845059078747048,1.603995123905838,1.726348845640914,0.10599937672461776,0.06920639610635652
54,1.7164879040073566,1.4381098041551372,1.6083093762705452,0.19571233641222255,0.13761686773410153,1.8695966257135739,1.584717713992442,1.6821204396923286,0.10945377638316783,0.07051899663046025
55,1.6934880956902545,1.4045410916960055,1.5504372395447594,0.2060129474643079,0.12815912179325537,1.8549842728092085,1.5394896598983923,1.6702734727829194,0.11234850722696914,0.07139601905066952
56,1.6457820439311748,1.4007963213921892,1.5299311019844888,0.2065071469955056,0.14534298362163195,1.8400462924335925,1.5506091421067596,1.6527423610746552,0.11240396356862084,0.07331664774329498
57,1.6329330894166358,1.3785449860888013,1.5098611940568538,0.21150761620097097,0.14189218711391896,1.7915458978305492,1.5064723726445195,1.6328055486030606,0.11537965785010466,0.07365667870943485
58,1.6220849725566806,1.369817296854995,1.4940175411792933,0.21656583215242609,0.1391333415319665,1.8036109765967978,1.4953766742069734,1.6363406780106837,0.11782990914815737,0.07459725889989217
59,1.6116320396334998,1.3349655407325465,1.4700210276273888,0.22051097273531856,0.1452853423357831,1.7551506520916507,1.4760912613878163,1.6053642286375414,0.12002617556394554,0.07768325359542114
60,1.5700265981809363,1.3378526329936562,1.4450333934111235,0.22610317293193355,0.1513062033281329,1.7372575346848216,1.451623692392269,1.5605423423945601,0.12188829140570014,0.07904267142929801
61,1.5549716876379234,1.3360280844469339,1.4271939024012819,0.23421348525434432,0.1518896621418464,1.7050880757526519,1.4475589106172846,1.5614541439643606,0.12484762014560434,0.07898153078462074
62,1.522025514709404,1.2946615696777044,1.4169654565587855,0.23328879740636568,0.1572432326313371,1.6590026109766023,1.4293590864203087,1.546093865546946,0.1269144418241287,0.08207418283512294
63,1.501857697794487,1.2858513733427188,1.3916618757664596,0.24064918723439843,0.15303069253473867,1.6880428028344592,1.3735852677348934,1.536903032733516,0.12755664313071524,0.0819606744884139
64,1.5134800053052324,1.2739827630988212,1.3717686738560795,0.24151210791999567,0.1616102748436617,1.6655909124853299,1.4020264642394094,1.5250002282678452,0.13206062450514758,0.0842794506782295
65,1.5034329607701378,1.2416848832205907,1.3669927287356052,0.25407569483375086,0.15686909484892392,1.6304090745168245,1.3404588954996917,1.4678629474641574,0.13451115323658616,0.08630143200846122
66,1.4641073160101497,1.2354004215817789,1.3447885928329257,0.24846416735685067,0.16660047516872192,1.6160536537016514,1.3641014441593635,1.4530246051656994,0.1353283698923026,0.08692320451087424
67,1.462634461051509,1.2168226701469642,1.3546675206879233,0.2658774720500079,0.1659006724614117,1.603531318434608,1.3490082029115966,1.4287177996994094,0.13863294284336553,0.08890836684659517
68,1.4356910092962774,1.202948301783725,1.2761102674871325,0.26175309509217126,0.17005072833879645,1.5534157625285676,1.2995103181597998,1.4267561710339582,0.14181738091353815,0.08945523404121553
69,1.4035608656938938,1.1749878075035172,1.3162829109159968,0.25993438134294355,0.18326143752932503,1.550292902666492,1.2937480938178412,1.4202330376296657,0.14349961161677266,0.09131460850475569
70,1.4019112506093387,1.1722966795747576,1.3029009496312576,0.27291512153428477,0.18593437429457546,1.5518252538954191,1.2676241017165042,1.4113003342755492,0.14739271802153,0.09286614090912657
71,1.4030903288106795,1.1649872821431602,1.2376676905579618,0.2741062989143122,0.18696442450921447,1.5030822933705594,1.2655447285897532,1.3788805149590522,0.15133046766840164,0.09390799651092395
72,1.3632840875323975,1.1651109474710915,1.248442321825401,0.2870009240716078,0.18194190509054872,1.5085831106752068,1.24896212147382,1.3590237652702242,0.15086358937281188,0.09608215489733533
73,1.3713605651474494,1.1437936089127374,1.2330761154259124,0.2848684357964284,0.1893497193759747,1.466406956082473,1.2503426363998893,1.3501672801939704,0.15298770467224032,0.09633656985311594
74,1.2929274750657611,1.147993432036392,1.2028469979796457,0.2912806306867968,0.20056879916450218,1.4766160687036514,1.2436143045922072,1.319696508102657,0.1574279877368256,0.09904231814904865
75,1.3291438875182366,1.0907032177652114,1.197847140266707,0.28948835666395134,0.198826364435438,1.452232166776203,1.2304496477424194,1.3481584307780299,0.16063743313498047,0.10091901890111842
76,1.3029674311274395,1.1020388190166936,1.1786492296028876,0.30214187541504595,0.21337144549565554,1.4119655345937716,1.1868753468862006,1.277546809697096,0.16251300578813552,0.10264038410753341
77,1.2822734573862193,1.0786638767738816,1.207620213816861,0.2977924432585799,0.20744054651438346,1.4373632736766155,1.178197829059339,1.2895296763266433,0.16706143514692634,0.10437008494494801
78,1.273478149356873,1.0959360644935003,1.1816305549992496,0.3075400366562637,0.21017506080911952,1.3928424019670733,1.1423438062187234,1.302455830997285,0.1671701544061425,0.1062872815418136
79,1.2278736301458588,1.038351794101436,1.17315504254823,0.32484674659596224,0.2114513095998961,1.3759415489219882,1.1419936651258749,1.2577891615332721,0.17213851197724592,0.10858848461340619
80,1.2402157636527629,1.0254761590913233,1.1516164953078287,0.3305942859796094,0.21748737565517454,1.3755985213635078,1.1552641888436421,1.240660256445303,0.17381275810738486,0.11076617390705569
81,1.234925522639529,1.0168818401268358,1.1107850053694162,0.3344466982175324,0.219920250528903,1.374570472502051,1.1519545242908982,1.2242071527246965,0.17914714037883278,0.11104719707749368
82,1.2380256779559544,0.9820166730095808,1.1069983840853332,0.33317014114639487,0.22812563086587423,1.3271065588081088,1.096350955001331,1.2131513920583956,0.1824654450156283,0.1123218267430354
83,1.194598279493441,0.9941894658463911,1.1095646803879928,0.34348148717291466,0.23331001873257826,1.3285199367122227,1.0933370980822805,1.2229650598876938,0.1827873493129703,0.11433386890142523
84,1.176982880569743,0.9790845091131928,1.0714589746914405,0.34944434274530545,0.22857624696247733,1.3195216213005811,1.0893948054704357,1.1559323559431984,0.18612129879683206,0.116762469408389
85,1.1685410831803078,0.9813149157769595,1.0882582003595318,0.34943796895651785,0.2298672825122452,1.3092203453337175,1.08176564128924,1.1990689443535207,0.1906829113631712,0.11879442826129562
86,1.1769712040992988,0.9729614904287041,1.061932780590535,0.36853714285906086,0.23139650077617546,1.2874405618192168,1.0533936087640823,1.1418808150470157,0.1926241002198491,0.1202959857562591
87,1.1555561885450478,0.9849393692508717,1.048088552168149,0.37121800392208315,0.2472076166083451,1.265490590742042,1.060071779948354,1.1466251369616363,0.19618896752173098,0.12171248075845457
88,1.1302717801593758,0.9601972678866868,1.052743946287941,0.3715558221116259,0.24327619929154584,1.245012284582639,1.034971956558825,1.1317795169114013,0.19951793410902033,0.12451809529614681
89,1.133715521381576,0.92661089131433,1.0373044276893615,0.37864062981040464,0.24218834350946938,1.2453727159322785,1.0304236939538967,1.1348448089314365,0.20086581484683888,0.12714427545012516
90,1.115472675715196,0.911288228345378,1.0139759879580033,0.38540745122523945,0.2590889613698939,1.2148734753397203,1.0275847441653447,1.0900446471967193,0.20609910164079553,0.12956952685689063
91,1.1167445324343985,0.921816787951952,1.0257163760283434,0.3800276279038261,0.2738369260421739,1.1742272432217742,1.0084227630250437,1.1091474475676344,0.20878488294192532,0.13045173133392218
92,1.080077470467647,0.8844787354110215,0.9812293002820708,0.3948802399186756,0.26559906788706744,1.211901188957779,0.9908994618381707,1.1209729112251101,0.2123770669972261,0.13265380509770344
93,1.0742785840466114,0.9217662082026957,0.995982955584393,0.3985927060160507,0.2741100155818818,1.2064269310098936,0.9850997744213416,1.0587459061766857,0.21774297329112408,0.1342207180989735
94,1.0620858125512724,0.9021631073030423,0.9851159890397646,0.4028853089165532,0.2746444708677508,1.145145395332151,0.9748940257821588,1.0708130273624108,0.21850519941086854,0.1372195192147588
95,1.034974180033728,0.8677734064421754,0.9612257761500179,0.41238056896262837,0.27808720629311756,1.1533678409590336,0.9603188072914959,1.0469971715887605,0.22407010770229738,0.13852895367222345
96,1.0505106617388658,0.8396132324486718,0.9605815493175979,0.42866663967214214,0.28755084862144126,1.1659251268963717,0.9518076130439597,1.0524571656757926,0.22650556098308125,0.14209975917014225
97,1.039306107718622,0.8762745794189143,0.9269116825753987,0.4287716293601432,0.2859042682741815,1.1758205493037168,0.969658093778749,1.03567749529716,0.23006438059921414,0.14191277177670092
98,1.0249649029238312,0.8450590782611308,0.9496930937951606,0.42859540055825257,0.29311799238450786,1.133783375540031,0.9442464802261757,1.0152658974385298,0.23472567147273382,0.14553369547069428
99,1.011040900585786,0.8563069888177135,0.9233761938156175,0.44019037201825617,0.29783894754379414,1.1112546360542026,0.921717521091825,1.0218777918594792,0.23789757434971226,0.14841171062028943
100,0.9831713679494416,0.8049352730632575,0.9087859632048999,0.4501903023183196,0.2973622667496585,1.108321163314894,0.9270811245803465,1.031467150726999,0.24178092315229693,0.15053420753566238
101,0.9881023640436121,0.8111199130551492,0.9229964295298274,0.45367030364795613,0.31015679226574144,1.1207613192865427,0.9022539987959339,0.991548487009183,0.24586132078084927,0.15530555723983833
102,0.9794465592208493,0.8115925228434298,0.8874854168000625,0.455184099069695,0.3088359869299597,1.0797028714977033,0.9156474417220035,0.9953836461009736,0.24827414419283284,0.1552467329276247
103,0.9628907401277539,0.8037639956767895,0.8678651735227447,0.4574729598869095,0.3104653273298261,1.0668362283631443,0.8945367258511695,0.9555258047980107,0.25173445091906155,0.15619941295301581
104,0.9630029407461195,0.7879934660462823,0.8567338996669316,0.47000105163656336,0.3214776276957459,1.061189407315358,0.8784738051097267,0.9510756807688395,0.2550310956249646,0.15943651828596933
105,0.9621373818936426,0.7959097906464588,0.88041197962152,0.4742579892151411,0.31887019619836254,1.0439088729526773,0.8780375842384895,0.9631627132096302,0.25908809920299924,0.16010607488494497
106,0.9751782694830374,0.7625104894035306,0.8434986981171302,0.4825232671686645,0.32808598625098995,1.049996049545259,0.8391419961235469,0.969147221392919,0.26668693158518897,0.1641737154625739
107,0.940464926230942,0.768479784383337,0.8805527805783259,0.4869538238093645,0.3324957526535349,1.062639522700364,0.8373293558149133,0.9431804592702493,0.26883324414522475,0.16581472820444063
108,0.9328196981699184,0.7646413214961207,0.8146677235465037,0.4947281713949091,0.34257943476279024,1.0333922978722934,0.8279877895687737,0.9242605718512296,0.2701139313920454,0.16997792644562926
109,0.919096872589526,0.7629034486711473,0.8631470592674928,0.49247635238870135,0.3441430036712919,1.0151982801684383,0.8398443601645977,0.9202029324073688,0.27404399462147566,0.17094882644538964
110,0.8828336192255349,0.7583375121944763,0.8328045002471209,0.5073792422402129,0.3462734702214004,1.0052019422451957,0.8556269632313581,0.8928590714454748,0.27977404133267364,0.17383829369312456
111,0.9027612240718702,0.7233944343005893,0.8202608022628269,0.5073856311221853,0.3551246448173933,0.9768822199672468,0.8551810011337723,0.912226662098939,0.2837886877113252,0.17579682855717296
112,0.8957458997067309,0.7099754281768791,0.8057410073456301,0.5223429635094495,0.36263074396717193,1.0044805725795993,0.8234855601693758,0.9080774424924666,0.2877623077095732,0.18066895782760822
113,0.9236120520159434,0.7449956451160586,0.8122339982734037,0.5140515127946719,0.3631178957340278,0.9811205580292842,0.8137596236822895,0.879882065336168,0.2909524305105903,0.1811267242603512
114,0.8757341670407154,0.7237768440030721,0.7981413371315325,0.531667989116819,0.36503354431212504,0.9707829685753633,0.771689991655614,0.8715689492960397,0.2950970444132755,0.18581826006691718
115,0.8752319057925301,0.7006428106519866,0.8078389304091782,0.5294265855439646,0.36307788530363805,1.0127342493930915,0.7831492951829201,0.8746968691023066,0.299585809861153,0.18735718898936252
116,0.8624078886992056,0.7283297742220239,0.7857089446469158,0.5305852252373797,0.36896767792320145,0.960809411861968,0.7721787736383616,0.8563777692041753,0.3033987251462951,0.18960174692882434
117,0.8377468585125506,0.7001025199566309,0.7790767411814689,0.5367829333048513,0.37742274217189753,0.9366823848013699,0.767509500785774,0.8542850398574562,0.30516703668207434,0.1920840634895355
118,0.8648943038955154,0.7094724242290238,0.7643132808897204,0.542913842478613,0.3805549096812006,0.9333333441419998,0.7672453067941564,0.8792477885152878,0.3112477612235222,0.19472347122010003
119,0.851630268193039,0.6863201408360468,0.7619751338030002,0.5519012659699102,0.38731775309604755,0.9488608901565703,0.7557479594933593,0.8366458871915474,0.3147341963815991,0.19503471256873164
120,0.8449383855628064,0.7098500119357453,0.760622876243219,0.5576096497203988,0.39318108477787234,0.9253725474862109,0.7263163525542012,0.8276978040768423,0.31988475787959975,0.19933424284308993
121,0.8122740290039089,0.6990055983592492,0.7236426373843662,0.5572907930817056,0.4001851699169795,0.8942701874784911,0.7605138171159785,0.8162017137413026,0.3268337193222491,0.2031267054747262
122,0.8399170023752234,0.6627812395200979,0.7224726133976472,0.5651488003224029,0.401815295426872,0.9219330612027332,0.7266042493431358,0.830037967283681,0.32836888039713935,0.2049183902795907
123,0.7909239255390894,0.6750312943101672,0.7473536721737534,0.5810394084739403,0.409222169284767,0.89055000127423,0.7397934137250799,0.809233328882702,0.3318538729829851,0.20626478310663446
124,0.8139455853320715,0.6641805270532112,0.7323842899391698,0.5839682727368345,0.41172328126190133,0.9212243264050557,0.7609325484135003,0.795402133350246,0.33726730209226297,0.21033681481841668
125,0.8313031430083432,0.6691699934065296,0.7207836642870787,0.582458575877503,0.40612280175567944,0.9020013710401501,0.7097526454585725,0.8182658691052886,0.34101739720364893,0.214828735827775
126,0.7770025255325819,0.6284041471996478,0.7176457937549265,0.5853562297927805,0.41588927597664327,0.8718876704505555,0.6794149719177507,0.8131546154772468,0.34515412942372425,0.21712269047215663
127,0.7768892189319991,0.6475014961665122,0.7165109301517132,0.5905975020591668,0.4244365585760095,0.8907286507591962,0.7070071412430864,0.7763773313899601,0.3495493243068165,0.2185803022263421
128,0.7805086233204865,0.6475134885413941,0.6972290918367706,0.5978370403192448,0.42366344119295446,0.865564234206224,0.7218398815663897,0.7510157535737627,0.3552155566252275,0.22237517281058922
129,0.7651971700634473,0.5997745494694448,0.6877779024394561,0.5943677281105363,0.43724902189199294,0.8704861573340728,0.7288276851337998,0.7878620102227442,0.35625174403270415,0.22385310378086137
130,0.7433283493106088,0.603015885489539,0.6966142108045283,0.6028464167229286,0.4464218311997563,0.8582269462338242,0.6752332880612769,0.7563188533902008,0.36208593657664323,0.22532564619791987
131,0.7615575737408504,0.5848745053125134,0.6733204668846119,0.6003806565141112,0.449360533714279,0.8316333851487806,0.6954465468973852,0.7723885131062016,0.3649206146500684,0.2289285180803526
132,0.7386355510535769,0.6062077408978664,0.6885332664227186,0.6152480076788257,0.44667684316801093,0.8281578067834066,0.6754298182353008,0.725018549493791,0.3706411806444842,0.23425242810249763
133,0.7558134648359484,0.6158840149163073,0.6513764756643265,0.6209536601762163,0.45965246914299557,0.8468505136129274,0.6753260044133321,0.7620985384509102,0.3734085924118785,0.23526471055166917
134,0.7291545524938745,0.6226130322878992,0.6869491308168048,0.619704511132405,0.4573731932268057,0.8200754656514755,0.7111769464621757,0.7247783370681699,0.3781534166139509,0.2381566036986319
135,0.760526534673229,0.5962292504795168,0.6732866359217886,0.6343296807908838,0.45935049644619524,0.8128425590178951,0.6436531187596657,0.7482389803839637,0.38252004459974653,0.24097305494336838
136,0.7199540121718456,0.6146691932958473,0.6648118318492917,0.6246063922280557,0.4623488813462513,0.7984731114501072,0.6647774807570022,0.7319169075744357,0.3880351010694567,0.24606104955754685
137,0.7213893235754867,0.5647411936555269,0.6705718456828438,0.627624681369354,0.46825628757098126,0.8131573803948398,0.6628468785001426,0.7119111550276221,0.3922206397460544,0.24867749063524708
138,0.7330310581735171,0.5551740258335232,0.6757586478353499,0.6402157641122468,0.47215217205202015,0.8318438268184603,0.6670633260425015,0.7147227552190704,0.3942970735925231,0.25217500613608884
139,0.697062509796019,0.575251574741263,0.6610206833588922,0.6484113714244851,0.4792401737958557,0.7790929940670763,0.6472748796856836,0.7258202513968789,0.399834991324996,0.2527114191192785
140,0.7137221961851581,0.5772824917544237,0.6133027901232405,0.6556131882268343,0.48345558574473835,0.7897651793755089,0.6455366616857767,0.7118987139628247,0.40330336333685324,0.2560893329774209
141,0.7247884604039952,0.5665432329821275,0.6169138321456134,0.6488520186840057,0.4869011593298562,0.8049753760856551,0.630232758135322,0.7139475137968461,0.4069819074565072,0.25720877037194795
142,0.6760248670459856,0.5316083446182553,0.6220062671761936,0.6604279345733115,0.49327146142230893,0.7770803492798812,0.6354154499603054,0.7297837243321363,0.4122444164775728,0.26314196004075074
143,0.6979457932679358,0.5569424491235154,0.6271191333062417,0.6586653111304487,0.5012075436999439,0.7796346390890052,0.6215798834206181,0.6717126612142855,0.41636649899451245,0.26344420885091746
144,0.6941956924398465,0.5344432267027822,0.6299187451752744,0.6617533561062641,0.504135432904025,0.7515769335907406,0.6314774382160783,0.7145556391506495,0.42330675603568513,0.26778251294015587
145,0.6972265987862921,0.5598569369783788,0.6067693950304782,0.670728879972291,0.4960614739426734,0.7686894173905251,0.6121113971871257,0.6870645947724806,0.42550855734956716,0.26942840078187397
146,0.6622261074145707,0.5511817957594768,0.6160330965400392,0.6732019106703665,0.4947787910108775,0.754296363609962,0.6188881009814159,0.6672986073528949,0.4278830381382131,0.2729024452569614
147,0.6563326276017214,0.5275238454033271,0.5975500155128116,0.665623904978592,0.5162457766804225,0.7668135026829948,0.6084418172928369,0.6561847724119008,0.4328694499906422,0.2756247226981803
148,0.6794044161883092,0.5299203773559983,0.595429069865173,0.6843902592085852,0.5087281645792574,0.7648462671685321,0.6214925906716348,0.6687384868424002,0.43861670707286626,0.2788292646093464
149,0.6715413180361869,0.5178125266171436,0.57929372223886,0.6873461385189115,0.518389002453188,0.7809693664371264,0.599622732837756,0.6809112996165559,0.4438314309220842,0.28187706747281455
150,0.6664293883516643,0.5288978096878191,0.5824064971800328,0.6806927752769669,0.5175737531925962,0.7459919927818494,0.5696595088485932,0.6607587587908131,0.4442902798049533,0.28485027802623947
151,0.6635271325299467,0.540366243021574,0.5719094897165286,0.6891116842842674,0.5182864866324746,0.7374358300163018,0.6111135813114834,0.6809977333412022,0.448114283990149,0.28921695185921664
152,0.6438602124629731,0.5075171196807859,0.5735436980365747,0.6928524902394463,0.5338357558966441,0.7307945274934339,0.5745958123182954,0.632292947935877,0.45596686329459885,0.2902659467391501
153,0.6533451366611052,0.5261893625359966,0.600049624952577,0.6948734338961386,0.5387156927871283,0.7179883366118758,0.5744385029237271,0.6496799969859993,0.4585700360101455,0.29458006728714775
154,0.650127573752178,0.5070611865455238,0.566132285404425,0.693944808630976,0.5357877362820821,0.7238460711783135,0.5714383493262517,0.626945584986501,0.4613785923121123,0.2985671291498064
155,0.6309546311576806,0.4995680721406313,0.6160512644988823,0.6964035514393623,0.529423856690633,0.7098954346286227,0.5971821049238836,0.6471243806674506,0.46682903913638324,0.29982594790428213
156,0.6656620679530398,0.5063605636008165,0.580220503156215,0.7026388459777857,0.5433145828005643,0.7124844383942127,0.5407856214333212,0.650978761137328,0.46768638887202596,0.3026109318437147
157,0.6408545144440274,0.4890000082152661,0.5719103736963768,0.7115754001640103,0.5516291035954864,0.7254247668485654,0.6162040598458536,0.6274355937251348,0.4743325981138506,0.30608716704395666
158,0.6120139697477629,0.4928433423498695,0.5526404353652217,0.7113156868905889,0.5458569662859617,0.6863369639334019,0.5813566542039306,0.5908203143563956,0.47864266583930765,0.3104847952478732
159,0.6359321859228821,0.4798552281803701,0.5724582873724235,0.7095719628661736,0.5577065820950913,0.7143774241284393,0.5653022228932261,0.6290681039953221,0.4832024688926149,0.31248449761198266
160,0.6077268188595552,0.5240245404175902,0.5498157862748381,0.7180529406218391,0.5602080001003961,0.7129488052899033,0.5576269436591604,0.6288981221889677,0.48520460477050675,0.31474184297797403
161,0.6304782395861596,0.4918669274933457,0.5568351195915766,0.7026638775017617,0.5666320072565209,0.6874014398623461,0.559288283494761,0.6247363918544482,0.49022067400225944,0.3187363564596261
162,0.6324365744523103,0.4776795530514105,0.5900178062932812,0.7253059789841927,0.5677404445021361,0.6533914711039953,0.5594333746449394,0.6335943736445315,0.49310148963739814,0.32012577591674574
163,0.5991928158454889,0.4882748679541823,0.546843211461097,0.7134632600795678,0.5656399755312432,0.6722141318100447,0.5579623437462176,0.5954372454260288,0.49814894523784653,0.3248805950831318
164,0.6224578546203754,0.48032139035113425,0.5622458617833888,0.7228941390539001,0.5798065648079167,0.6969628070690375,0.5533408288791553,0.6182104542634673,0.5008388824085832,0.3275740066666678
165,0.6107608697655118,0.4756834673857828,0.5312359372432344,0.7215980769936153,0.5763049127683035,0.6734044932889933,0.5431272938389514,0.622456768548634,0.5051401375164665,0.3298181719459653
166,0.6135188275220527,0.48525193498251973,0.5380888524445474,0.7231594138494883,0.5801902455944773,0.6550597596179119,0.5356536034973919,0.5745091113620376,0.5083391197511496,0.3322418183461476
167,0.6263144759510304,0.48449237421052804,0.5620581794200525,0.7378204172569527,0.5788449090853887,0.6588405743813499,0.5332270706307172,0.6026573586000058,0.513744822871807,0.33514141986141466
168,0.5909113786606546,0.46231065813645233,0.5230256820088374,0.7320090718198606,0.5844345395507372,0.6754445195858312,0.5295065636703636,0.5870295029355825,0.5176823344480418,0.33950332318870435
169,0.5800698317650591,0.45881661634194854,0.556601610460974,0.7383599977673045,0.585321837936136,0.6675183659625441,0.5464214335440261,0.5901530341338967,0.5202903184194246,0.343130041068882
170,0.5748699928113927,0.460560345141529,0.5370656939591217,0.7386221629292029,0.5919312263524815,0.6522736692609591,0.5353527657615025,0.5934278565088507,0.5242345287371147,0.3441879045052709
171,0.5728646725250015,0.4274352809785139,0.5150959609861013,0.7434214313760062,0.6043598417422796,0.6469527568847143,0.4794271331045511,0.5777933983377798,0.5263888078592222,0.34819880145361126
172,0.5808858370663132,0.43655920143610594,0.5301508311241374,0.7435507640583632,0.5919024335550156,0.643232461975698,0.530503226686251,0.5719067415201007,0.5311480722778323,0.3485591017867339
173,0.5841507467313414,0.4771573977321231,0.5324321921591744,0.7388338826782759,0.5936101548991568,0.6319817018830916,0.520764918335555,0.5795457533714121,0.534976643155649,0.35295720471984104
174,0.5802246661704535,0.47873953186045953,0.5243968096024797,0.7522649276641474,0.611905329193499,0.6668119055394669,0.5147890288225333,0.5597656150975612,0.5411950207547581,0.35639591244106755
175,0.5855718006485696,0.4477830048305548,0.48878792787010794,0.7468029215909764,0.6063300022899385,0.6345633747417055,0.5065135218721315,0.5568766749797515,0.5409774772049379,0.358391375860186
176,0.5704969302627175,0.4576625185948167,0.49875097537939145,0.7434310686451244,0.6068141851370293,0.6545250829986078,0.5265197238165547,0.5804925011288964,0.5470362541013354,0.36122707184443353
177,0.5892900701923434,0.4512199289737637,0.5033063383120246,0.7509706401989532,0.6180979653481767,0.6560087115983501,0.5212320147771401,0.5502551485076038,0.5500185874215511,0.36434624939147303
178,0.5607488889468731,0.4903121108915907,0.5033073186686016,0.7624680177695512,0.6125654235463661,0.6451357869281721,0.4928306550877481,0.5747134289590806,0.552718662691709,0.36814411394602886
179,0.6027987176198608,0.458540281277408,0.5111815003267131,0.7610248943660333,0.6273749972885436,0.620709017316591,0.5079772031703209,0.5689350495138258,0.5575792404566845,0.37048944507485004
180,0.5687036289936397,0.43748502755780755,0.5020267201175906,0.7567974525322035,0.6242426552744915,0.630310690642573,0.48478635408547255,0.5334315178453056,0.5595412887135983,0.37124988500599687
181,0.5438279502833859,0.42276654281692,0.4768623161471267,0.758519506509556,0.6209784361965547,0.6210116276865443,0.47619820905594423,0.5465218438445953,0.5628725719940613,0.37416478604300263
182,0.5380321457169118,0.4107368967354863,0.5001675301286787,0.7603416456570927,0.636726670105341,0.6049864615132354,0.4850638039947397,0.5720071742335392,0.5657099076629133,0.3784615674593607
183,0.5587856442802989,0.4356569428332029,0.5012355593526802,0.7739773161179788,0.6253911541692297,0.6206216245948173,0.5050126752591642,0.5368310750845559,0.5702313410839716,0.3822942012056336
184,0.5456917389317393,0.41906795944340897,0.4981253073861158,0.7671075184800816,0.6345675810468666,0.595330928910945,0.5040253263477915,0.5420776167769862,0.5733138785801972,0.3818417969660354
185,0.5572902127637701,0.406923874039375,0.5036306534011837,0.768913598951915,0.6347490452756204,0.6281372904310987,0.49511522381932377,0.5535111187511672,0.5747660495602147,0.38682664451981125
186,0.5512560120279881,0.4164391734383239,0.497656439498907,0.7734424106079979,0.6421152115025075,0.6007029489179764,0.49602404398339334,0.5559083052986239,0.5772112865150578,0.3895210769402064
187,0.540682300938936,0.4078296727459745,0.4898015149029163,0.7709753569428424,0.645726783694236,0.6080835108383307,0.4906564880212141,0.5380016513381217,0.5814306798854483,0.3941400926127255
188,0.5267294986095232,0.447309603359069,0.47966445593488516,0.7699401884478483,0.6403511395250903,0.6067524166144179,0.4710947176784206,0.5304687514601747,0.5839009205598062,0.39505425709703573
189,0.5144040976042407,0.4332105515819543,0.4536419665983807,0.7716719557652226,0.6386554695248601,0.5960988694290794,0.4850352187712297,0.5584623539000063,0.5876687776635978,0.3984925116318754
190,0.5281625749486791,0.4178831722062246,0.4828758038148179,0.7736790621085912,0.6469138007266979,0.6063038593045965,0.4884376734062444,0.5609437941866482,0.5919650212354685,0.4009033804825697
191,0.5454772364610883,0.438251509811307,0.4774571164445431,0.7752001097575372,0.6433770879857394,0.587941879810608,0.48565617108430004,0.5473141253079631,0.5932294134119634,0.4012661635941286
192,0.5336504588927249,0.41529469575413963,0.4763602944930292,0.7803400334110109,0.6589450821244865,0.6057371733861404,0.4901203125072182,0.5317188248692473,0.5965668078229579,0.4067812110294008
193,0.509597003143567,0.399328436201292,0.45111416338542676,0.7782445063811295,0.6516344815352345,0.5701199288228188,0.48088994973074733,0.516159098999633,0.5995543066058836,0.40882601401830726
194,0.5287604658205917,0.4332392691002658,0.4520617318308985,0.7828988003376852,0.6511604642269346,0.5898862036197223,0.47354930305014614,0.5137060858344754,0.603195075166479,0.411697524825605
195,0.529857225757443,0.4166514325840915,0.48211991629515955,0.7800514677327548,0.6559077866661004,0.6147936623969013,0.48237487706991244,0.5319151766404968,0.6029138127403968,0.4176748546683571
196,0.5087687834075276,0.39121462201682966,0.4638066523332857,0.7820369913869069,0.6502085579277433,0.5684616730455746,0.46400216075239964,0.5283026182638749,0.6073317645363099,0.4142042961948918
197,0.5223155985036694,0.4021534265039215,0.4727316247554204,0.7728115676816119,0.6540088659862785,0.5710944587860969,0.4492809945264153,0.541033700808683,0.61089124133198,0.4205330508412542
198,0.5188992664606581,0.39013859492270064,0.46107427784567695,0.7885136229038482,0.6667551523761955,0.5867997036492238,0.4582034977445636,0.5277828870720102,0.6145853015663904,0.4210207383131961
199,0.4989307807826002,0.38082392237933704,0.4592669688893669,0.7867651549839331,0.6593186204382769,0.5796511246588465,0.44764708712483403,0.4935291307236623,0.6155624159504008,0.4240749788752926
200,0.5195235891164319,0.41377984458528133,0.4710962371313971,0.791095452645463,0.6591828753408041,0.5801184282044867,0.4468943059171414,0.5299359929770515,0.6168107670161921,0.4262009924769752
201,0.5206817010182276,0.426877441089418,0.44751239137927445,0.7726694126604092,0.6688798329731731,0.5801330463051726,0.4530852822418023,0.4972990237129879,0.6219040283219884,0.42826028404748057
202,0.5266600429962708,0.3756339764477742,0.4549551938559662,0.7986110747325381,0.6738695040562612,0.5802864345972533,0.441627083386852,0.5046547052693563,0.6232100528460058,0.43053164645325515
203,0.524396317696841,0.4034601646021363,0.44486832715347197,0.7884636047924568,0.6732459165399862,0.5854150301940655,0.447183033539462,0.5123422900100929,0.6251810681030862,0.43382668498494414
204,0.48612942335368714,0.38368551735208556,0.44360236646949347,0.7956692642516889,0.676307787684375,0.572953724715069,0.42171558987667146,0.5367294762198029,0.6282360641235922,0.43435424384101246
205,0.49096193104659547,0.3845937625581865,0.44382739312796,0.7858706582642301,0.6691866875019705,0.5612569393240432,0.45166438059058367,0.5516780849854027,0.6311300617805229,0.43897460092061674
206,0.5110188539084816,0.38149575042422457,0.4501694986685853,0.7950515201665261,0.6674719210225413,0.5730656796278004,0.44685557422451294,0.5123941707873944,0.6331286837199807,0.4401386248649328
207,0.5092928256735006,0.37592792031339295,0.43805567980925164,0.7876142346094729,0.6836656360384982,0.5896079563466661,0.43298057966818093,0.4988380871290117,0.6339115405446532,0.44173358289356046
208,0.5076326822105297,0.3881464204706189,0.46249912336729554,0.7906328920113685,0.6760917288566812,0.5572837388685696,0.4535514665101788,0.5079245516431472,0.6393628734435226,0.44470036159105936
209,0.5560466223595475,0.37350944200359526,0.4286955623414512,0.804169633691754,0.6779657750593284,0.5428491776171415,0.4561782239391421,0.5115704813878342,0.6420546024325905,0.44867200048863703
210,0.5051949846118167,0.38860952596918935,0.43778907560453506,0.794471663439241,0.6873448594583508,0.5722970520174194,0.41647875230142084,0.49182161256806134,0.6437105972258517,0.4491216243836711
211,0.5120679312457694,0.3824015691709408,0.43249882785375654,0.7973162290629159,0.68493860796565,0.5521382085565434,0.4276539220493759,0.5219626169817453,0.6441663839461479,0.4522350407143058
212,0.5077736918555816,0.3781964865247895,0.4593268545807906,0.8013623053361842,0.6858605695385184,0.5196358408445215,0.4260850510686751,0.4969147267910547,0.647313448004953,0.45334267705714765
213,0.5016897156631532,0.3668155361012464,0.4391222406103919,0.8002527025789221,0.6958004004158616,0.5632475639470944,0.42207537244608534,0.4993849932299372,0.6496854023732558,0.45700593019612284
214,0.48567052331841704,0.37044804678099436,0.4502272574558003,0.7992686401417195,0.6831231207770215,0.5408445981350904,0.44719171199274693,0.5003884257688391,0.6524340643575746,0.4590851408583154
215,0.5002899269605967,0.38912308345893426,0.41106539626681815,0.8010640205658862,0.6923167789961179,0.5458822696048725,0.43044140978078066,0.4952291878124145,0.6546135755208186,0.46237704811816005
216,0.47584353361327264,0.38402018066678484,0.43597692132991656,0.8119598622939578,0.6892715292597675,0.5506127335240592,0.4280034447222185,0.5000200193383804,0.6552879100313603,0.4624588050007307
217,0.4824384442238829,0.3605785542373818,0.44396076505152304,0.8003396295584259,0.6916108022446573,0.5469098488333861,0.40055836765107017,0.4767319255267792,0.6581480847125958,0.4653860293012381
218,0.477288968466157,0.3754882285545827,0.4305180926675002,0.8022999899675177,0.699164522371098,0.553139582223516,0.43881510328150725,0.47619489537440307,0.6605348116109161,0.4668754859676202
219,0.48439972418281196,0.3840459674310918,0.4439555919622463,0.8071968218443955,0.6952891277280712,0.5344366551670962,0.40938451041346396,0.4666692985974417,0.6635125194659179,0.4701103449201163
220,0.5165167847609263,0.3465312137614001,0.4189252728680166,0.8081029609076413,0.6966430911873451,0.5471619531954172,0.4275835890735171,0.48838942472012714,0.6647083872122671,0.4701096883413327
221,0.45243594442956664,0.3785397099143365,0.44655732627632383,0.8091254232022023,0.7004901627358858,0.5340934336220382,0.42957776874291304,0.4921289698711246,0.6667084383059676,0.4735645581149352
222,0.4894091875607038,0.3592865177327626,0.4586540512653069,0.8069824456897771,0.6944536875946342,0.5476144998595004,0.44458045834859794,0.48598187769736434,0.6678873321494717,0.47459287295432234
223,0.45361688600057737,0.3766406510887667,0.41750206915755084,0.7986562895536228,0.6932084906174674,0.5443326010850326,0.40331234157735907,0.5029250105686351,0.6710670223784888,0.4766683948678355
224,0.46944259917413556,0.3555074926677171,0.41505644076740433,0.8131053929714792,0.6932822916788377,0.5196638944891497,0.37644629625110354,0.47643763687854135,0.6718886333232912,0.47874636250257313
225,0.4915910456937397,0.3387764568868577,0.4423540047247928,0.799758227207947,0.6897525085600008,0.5486018422386574,0.42331098073933277,0.48528791157311685,0.6724096598067949,0.4808059190413045
226,0.4749771017508051,0.340348152213079,0.44308067730881046,0.8075400351720129,0.7109198759211267,0.5229121592999474,0.4463947628455126,0.4576373883222834,0.6764358892532086,0.4823135957773667
227,0.4566234041357836,0.3644121530290535,0.41039732690962893,0.8027779454751783,0.696154377279812,0.5417344655106332,0.4368244226110195,0.46698308026760715,0.6774624167842289,0.4844978058196309
228,0.4608569143008304,0.3665339987230859,0.41080951331205895,0.8067370328685559,0.7015731903587921,0.5338070111975998,0.4202572067976162,0.48201953630321664,0.6780240181201278,0.487691652212077
229,0.48059721589960386,0.34803809408081954,0.4117762774285771,0.8091962308464388,0.7022823175104045,0.554576309473659,0.408628503777004,0.48313978132673085,0.6796610070525235,0.48890665886475604
230,0.4582840868266209,0.3701635248962412,0.39474535449296505,0.8096405463717823,0.7061686498973245,0.522378807782648,0.4270189511080389,0.4648300820874152,0.682081740317804,0.49057533962154737
231,0.47134203544653663,0.3346604610934217,0.40005943011786854,0.8106116976687445,0.709654257404621,0.5192393255925472,0.3992360163195645,0.46702116782493597,0.6838645812736976,0.4910129967818738
232,0.4676532202609305,0.35760724034986685,0.3977219284946939,0.8170263126949662,0.7108010268042204,0.5229567525736548,0.4199294065363182,0.44420153646216115,0.6851868296229272,0.4923191038463669
233,0.4560887266169912,0.33946464735575677,0.40022934761507406,0.8116687479932824,0.7044858986319552,0.517489666197728,0.41932836347913544,0.4605072938189793,0.6868612401410327,0.49588099917179723
234,0.496933277966454,0.3468998104312199,0.41020546102661143,0.8086115921944522,0.7074482422492118,0.5328458185894461,0.42662888294989637,0.47812986407937086,0.6897828817875804,0.49749673999772565
235,0.473212279983518,0.3564515378874005,0.4132352472212488,0.815072402283502,0.7105596488572989,0.49543103814551914,0.4511169268168672,0.4723315698903463,0.6906604062118668,0.4997661005726773
236,0.4322734296958576,0.34191304695449715,0.43199241535695015,0.8166075080933509,0.708746914437227,0.5027188230050003,0.4146211474724205,0.4701605543164398,0.6912587308541449,0.4993400356490783
237,0.4644118604027796,0.348144831807636,0.3927887947150789,0.8049192025184049,0.7188518255474389,0.5013744123901663,0.40012965094054825,0.4623616509889526,0.6934622801849515,0.5013430171823356
238,0.4506698415818869,0.3681164508724527,0.4215741846209731,0.8144305160246628,0.7140761851588993,0.5305321872973987,0.40642573396094445,0.46070258593283536,0.6929153112339116,0.5015397136066554
239,0.47238156423677125,0.34349230314512713,0.40266054003801843,0.8153251259354682,0.7160837702056371,0.5408413020736969,0.37933423412806433,0.44969024712272615,0.6957469681949981,0.504371565609875
240,0.44672223336745887,0.3638191705694328,0.404204961021416,0.810696941127081,0.7164940841274294,0.5125379978325075,0.3945262196998667,0.4690924707469874,0.6985342432532247,0.5073237830749041
241,0.45592025899583705,0.33349053959574615,0.41416101639922454,0.8194188096174976,0.7197999311756873,0.510512852171663,0.3978994874450289,0.4639558997836814,0.6978578255628431,0.5074023648412973
242,0.4642633878208607,0.3575495689753638,0.38630471214795964,0.8121357989741494,0.7155734978008381,0.513053915329991,0.3952842165023752,0.4640688613560458,0.6985545594793352,0.5100295991879038
243,0.4687379267589311,0.3704061783004503,0.40800327011124127,0.8138503024353387,0.7089033532739588,0.5284064857773502,0.40455244699898635,0.44786107620636556,0.7000521618092185,0.5106976312696695
244,0.4368256598644916,0.3109016752221278,0.4039000074703785,0.8126841972742177,0.7180887159923285,0.49606013139218785,0.38906692536144966,0.4225299621722596,0.7008927573843788,0.5126901108664266
245,0.44890632549421783,0.3352299346957959,0.40794037273996475,0.8139456256522332,0.7135202349831954,0.512554739150838,0.41736906378970956,0.47038113470813747,0.7024521967252747,0.512675339223439
246,0.4459083816182217,0.35505957303263963,0.404055555863901,0.8086958054972267,0.7148049935160339,0.5226323283529009,0.3997211321790567,0.44584999944551,0.7040977920674786,0.5153444309407209
247,0.44235607165886287,0.34259082808839003,0.4357257616119151,0.807277886258849,0.7210355974856576,0.5145620486478912,0.3987567546961725,0.4392143736868217,0.7042711914414022,0.5136836510447412
248,0.4777757607294823,0.3504493918351772,0.3885219756661669,0.8227433618205012,0.7249358594557886,0.5089464789172407,0.3931696546822429,0.46169613080397576,0.7068782937358344,0.5178829951259926
249,0.45652085841594875,0.3350805883568552,0.3893282951295362,0.8108206828307658,0.7194767527022409,0.5201911490854978,0.39962110971244813,0.44456594315274744,0.7089286683373422,0.5178142285064858
250,0.43069907220180415,0.3447096368893196,0.3871644529006565,0.8103753536707442,0.7215261069441476,0.4637150032015441,0.40888803476704244,0.46551137727752917,0.7082604878801106,0.522005383546821
251,0.46256024101015836,0.3403581142979134,0.3874106355291618,0.804834573539177,0.729090466925991,0.5135347208289569,0.38273583908090214,0.4580474010479872,0.7118078543315816,0.5229115340667625
252,0.4798181887807182,0.35950434602223463,0.3854259235518353,0.812668511613307,0.7223668132188097,0.49267338362476065,0.38511498312530423,0.45823938567353584,0.7118984964800944,0.5239157621600349
253,0.4626796884651599,0.34510993351179925,0.41207841317620014,0.8095024546633572,0.734741619004499,0.47415753262500454,0.3896872747779369,0.42670337388888463,0.7134965585258218,0.5262654676311702
254,0.42362213318838843,0.34567513727411425,0.4148194537301902,0.8245755441081977,0.7251176996638978,0.5084319106716075,0.37332382615824417,0.4645918424584946,0.712865886055363,0.525071502278992
255,0.4383820374158039,0.3337617004533609,0.3842315073207556,0.8216552891969877,0.7140303631708856,0.5205296968589418,0.3805038338311753,0.4495643064773055,0.7154157846965761,0.5290245102234532
256,0.4638947611902317,0.3319656138472909,0.37960006698384186,0.8133995427178687,0.7271322685590897,0.49703790629105754,0.3849420874772354,0.4393519368637393,0.7144869851030236,0.5294470233871382
257,0.43353406744875983,0.332142097936617,0.3984610234392724,0.8283300991309742,0.7257903690843982,0.5125812066504333,0.40450562780416727,0.4462999364431753,0.71746726850807,0.52949710556162
258,0.45007668026123643,0.343908747369837,0.3824223313723882,0.8221980832255703,0.730840261006356,0.521674130412533,0.3946440969716316,0.41677586034556824,0.7177277238398526,0.5320694436606348
259,0.45432124026701975,0.3310492460700783,0.3995268486403136,0.8158803150961447,0.7282524925264148,0.5164287334067386,0.39293672004449415,0.4488315216377898,0.7190690768588374,0.5310092173092125
260,0.42809197488453987,0.3410930633168809,0.3924150315235924,0.8052167062694667,0.7246778229235582,0.5205325185198643,0.4021346556433425,0.42655535933548006,0.7182815630338016,0.5324544010575983
261,0.44040891991660863,0.36727008720502524,0.36598427601648115,0.82937191887943,0.7197208124038966,0.506305756397758,0.3866598609154487,0.4210117459698826,0.7194851208609572,0.5338156407194876
262,0.3920001314436925,0.3486086194031129,0.41129302321813394,0.8111671807019156,0.7252583219434602,0.4955586906480708,0.39393741794711634,0.4177837537514602,0.721882460167992,0.5350226736664303
263,0.4245819515679659,0.33006394243196513,0.41438919589766426,0.8100804055413275,0.7225011499037176,0.46966338208964586,0.385902704507244,0.45663809181282916,0.7212242373499576,0.5356048162574829
264,0.43549896541892164,0.3523947605610508,0.3776401893519395,0.8236072762423046,0.7242908687915686,0.4892797523387903,0.39081245495019973,0.4298485367844272,0.7235057579826539,0.5389766778392432
265,0.4199213749058325,0.32768722671056877,0.38040771657155886,0.8308750248984741,0.730565767753714,0.4796117477026222,0.37748186010642487,0.4616440382840527,0.7225282906731345,0.5385696570751181
266,0.4624856602000561,0.3026776862832785,0.3899125033368875,0.8257744212987119,0.7363916750189945,0.5241260836511501,0.3490422651018675,0.4299624686952971,0.7255796841542844,0.5402388270678753
267,0.41591929363585595,0.31757869285334617,0.3900525527609917,0.8218444905350161,0.7304249006435833,0.488236697209899,0.38302151347839175,0.4117610449413712,0.7243185636392405,0.5403568738460248
268,0.43015305185771463,0.30409762544801033,0.3943347758008762,0.8221658319452128,0.7228718540408136,0.49204745243101505,0.40579783375228284,0.4200058525589395,0.7269067469508745,0.5401308164398844
269,0.4381073422731277,0.3263552521514871,0.41404016209446676,0.8236216115309688,0.7314645625699917,0.4978072236557405,0.3977803250465954,0.4546834079139404,0.7277675051345652,0.5432291622091402
270,0.4571678882583671,0.33138146599492174,0.3806727812023161,0.8233071355372811,0.7356057533221173,0.4895355245794349,0.39780795188359447,0.4332103162533254,0.7272168773362255,0.5420382248633541
271,0.41342328685539476,0.3557376264168297,0.37080168425981663,0.8210720176786638,0.7269457037333585,0.513664599022337,0.40131810375498667,0.4267369096757273,0.7292520756090668,0.5448571099729894
272,0.4518308172806823,0.33498935148002557,0.36154461251574255,0.8203363636360351,0.7296877351459011,0.47826706066593716,0.383564264800382,0.4367836343861497,0.7296717898021023,0.5445167815815142
273,0.43396854994362233,0.32630166434265445,0.3707376625524291,0.8196475368715929,0.7307858454810257,0.48990432717204296,0.38466134876264185,0.4413417950708417,0.7295989729548017,0.5488160126834603
274,0.41853351058057753,0.341540206520762,0.3806807269815462,0.8163317849129287,0.7271340735781646,0.47523684471829136,0.37191285314313793,0.4500171225848337,0.729841162815979,0.5486682256901088
275,0.43963801680881737,0.29545112697289144,0.40758067860420577,0.81883540982739,0.734637897285481,0.46597235809170157,0.3759212178110332,0.4544339531432622,0.7295846930197328,0.5487754276419003
276,0.43515176981642956,0.3316793584566025,0.37239133774835814,0.8119073585809153,0.7311216419003502,0.47600488874263824,0.38939207448046786,0.4267693446959912,0.7325805280536752,0.5508310739211791
277,0.42263096608534095,0.339242919745687,0.3830138998146361,0.8200100872175219,0.7341460742173426,0.4840443753410019,0.3977153470975849,0.4117435039514923,0.7313358486256677,0.5496038245261318
278,0.4321583828640027,0.3050436389538107,0.3789205486737391,0.8156848601189486,0.7279253026834818,0.47758850743287656,0.37707519797961536,0.4249093741723033,0.7336522355433575,0.5518616697295611
279,0.42481742222481284,0.3439287960536257,0.3965107048933518,0.8152323865625007,0.730482322443973,0.4730792920587944,0.3719319668188593,0.43450133377648253,0.7339363985404893,0.5523715232230467
280,0.43179416034355345,0.3314074212566028,0.41611467404258995,0.8217689054896571,0.7365810427343613,0.4618177069751557,0.37821860703733456,0.4156350162716255,0.7355089057720893,0.5532749231123045
281,0.4395259931854046,0.3196654602256282,0.3697813744070597,0.8279452261260046,0.7313973329535425,0.48112189007824485,0.3867625072348012,0.4152367693441632,0.7351448363840537,0.5551083089237646
282,0.4528951389676069,0.3349585038763425,0.3699442396673141,0.8256893477938808,0.7421816870293695,0.4592626642454703,0.3556280090630843,0.4342617049486749,0.7357219939160091,0.5553795554847296
283,0.4100565927787661,0.3591062399705886,0.3924972493383818,0.8133546711751292,0.7318272241584851,0.4927081483347474,0.34239212188528717,0.42789403998761205,0.7373755479184255,0.5557331429841404
284,0.46014621566338165,0.32735986948897283,0.38661966769771117,0.8163653891310961,0.7352206927523802,0.4820264408728869,0.36813324261094277,0.42864266997471145,0.7375588776973058,0.5545733271592538
285,0.3984041076571485,0.32794805536324284,0.40365569549540237,0.8261207720413523,0.7390255690820309,0.4584176607189483,0.3576443992206495,0.416307994629485,0.7381082527737681,0.5560385931416056
286,0.42495104840465686,0.3169339332333131,0.3842850085581931,0.8166049782687299,0.7275297654884244,0.4751422972522731,0.367903982813594,0.42377181411710413,0.7388180005198997,0.5576331739665399
287,0.43560254656741654,0.3106828993694075,0.36971479532895773,0.8204919414151256,0.7260703111173776,0.46800586005536554,0.3728874719085016,0.41291429130612334,0.7373583766933195,0.5585935051827172
288,0.43055006857288963,0.33549832898541976,0.38354906360744473,0.8244603301526351,0.7274927615390738,0.48359173232785785,0.3678905150117149,0.43968816672373595,0.7401847505203077,0.5581013719782234
289,0.4165594153463196,0.30982116223704187,0.39091171759339527,0.8169606560903868,0.7416747204058455,0.49843478122244084,0.3960681769017128,0.4414286481644848,0.7405634547378596,0.562362073470168
290,0.42234998656050154,0.32336133633466896,0.3861870642640798,0.8224189844053038,0.7328374735849696,0.4497322164257864,0.3787810030151541,0.39777900238228925,0.7394465485416265,0.5621731739746664
291,0.41765579413764,0.3147545954363554,0.38109424311428675,0.815309199291624,0.7486170685587876,0.4791247126095015,0.37799224804183973,0.41110814525463635,0.7407208257137242,0.5619530258159449
292,0.41579628336392194,0.3287418577645203,0.389097077892042,0.8190572694432523,0.7332286180781749,0.47454445853940597,0.38243006470885577,0.4021888158917339,0.7414169060261946,0.562104997344828
293,0.4369735764353571,0.3262057834368407,0.3902546322754742,0.8237454269551002,0.7371910024396405,0.4865711659686776,0.35563270165207755,0.41447918596393823,0.7418028567605377,0.5624909093789411
294,0.4291842981164336,0.33641353176245664,0.3930721340783359,0.8142616528286741,0.7441919183449283,0.4792609901718005,0.38792642602407706,0.4225774962801025,0.7427423840476813,0.5624096405667987
295,0.4130415620831395,0.3128555592777219,0.3817011539501408,0.8245068580504133,0.7467198125482085,0.46435271659959665,0.3708340413382643,0.4016905277165714,0.7443012856383039,0.5640859394086599
296,0.436541854258778,0.3161187500819687,0.36910059391457145,0.8222819791881625,0.7471998236650248,0.4704227836042124,0.38166457437794243,0.40921995893039953,0.7444034952964345,0.5649017452585484
297,0.42727640138611594,0.3051520892646113,0.3734509320836562,0.8252161833311651,0.7431321913173642,0.4628515433996301,0.355172368291554,0.4076075479917443,0.7424519215166434,0.5640265730945545
298,0.43448518931048175,0.31284132643576845,0.3889966259300291,0.8236448100922424,0.7424039397744507,0.49052226375011665,0.3475926099421628,0.4254012674688815,0.7448194095887327,0.5662158296735429
299,0.4313682315487813,0.324842831450609,0.3582995264226231,0.8294154452343995,0.7404348547461729,0.47429882979874943,0.38282190635780705,0.42296396397547087,0.7459504397296127,0.5663288622685826
